"UF";"cod_uf";"faixa_etaria";"cod_faixa";"proc_per_capita";"se";"ic_inf";"ic_sup";"tipo_procedimento"
"Acre";12;"de 0 a 14 anos";1;0,3598;0,1362;0,0927;0,6268;"Endodontia"
"Acre";12;"de 15 a 29 anos";2;0,2245;0,0585;0,1099;0,3391;"Endodontia"
"Acre";12;"de 30 a 59 anos";3;0,1455;0,0361;0,0747;0,2162;"Endodontia"
"Acre";12;"60 anos e mais";4;0,1058;0,0611;-0,0139;0,2254;"Endodontia"
"Alagoas";27;"de 0 a 14 anos";1;0,141;0,0858;-0,0272;0,3092;"Endodontia"
"Alagoas";27;"de 15 a 29 anos";2;0,1158;0,0324;0,0523;0,1793;"Endodontia"
"Alagoas";27;"de 30 a 59 anos";3;0,0657;0,0253;0,0161;0,1152;"Endodontia"
"Alagoas";27;"60 anos e mais";4;0,0037;0,0023;-8e-04;0,0083;"Endodontia"
"Amapá";16;"de 0 a 14 anos";1;0,1003;0,0507;9e-04;0,1997;"Endodontia"
"Amapá";16;"de 15 a 29 anos";2;0,1587;0,0931;-0,0238;0,3412;"Endodontia"
"Amapá";16;"de 30 a 59 anos";3;0,0879;0,0238;0,0413;0,1346;"Endodontia"
"Amapá";16;"60 anos e mais";4;0,055;0,0203;0,0151;0,0948;"Endodontia"
"Amazonas";13;"de 0 a 14 anos";1;0,191;0,0539;0,0854;0,2966;"Endodontia"
"Amazonas";13;"de 15 a 29 anos";2;0,1682;0,0594;0,0518;0,2845;"Endodontia"
"Amazonas";13;"de 30 a 59 anos";3;0,1086;0,0256;0,0585;0,1588;"Endodontia"
"Amazonas";13;"60 anos e mais";4;0,0568;0,0217;0,0143;0,0993;"Endodontia"
"Bahia";29;"de 0 a 14 anos";1;0,1772;0,0647;0,0503;0,304;"Endodontia"
"Bahia";29;"de 15 a 29 anos";2;0,2504;0,1762;-0,095;0,5957;"Endodontia"
"Bahia";29;"de 30 a 59 anos";3;0,3329;0,0943;0,148;0,5177;"Endodontia"
"Bahia";29;"60 anos e mais";4;0,0964;0,0327;0,0323;0,1605;"Endodontia"
"Ceará";23;"de 0 a 14 anos";1;0,1437;0,0438;0,0578;0,2295;"Endodontia"
"Ceará";23;"de 15 a 29 anos";2;0,0762;0,0352;0,0072;0,1452;"Endodontia"
"Ceará";23;"de 30 a 59 anos";3;0,1341;0,0541;0,028;0,2402;"Endodontia"
"Ceará";23;"60 anos e mais";4;0,0164;0,0092;-0,0017;0,0345;"Endodontia"
"Distrito Federal";53;"de 0 a 14 anos";1;0,0747;0,0186;0,0383;0,1112;"Endodontia"
"Distrito Federal";53;"de 15 a 29 anos";2;0,0678;0,0243;0,0202;0,1155;"Endodontia"
"Distrito Federal";53;"de 30 a 59 anos";3;0,0977;0,0275;0,0439;0,1516;"Endodontia"
"Distrito Federal";53;"60 anos e mais";4;0,034;0,0172;2e-04;0,0677;"Endodontia"
"Espírito Santo";32;"de 0 a 14 anos";1;0,1147;0,0486;0,0195;0,2099;"Endodontia"
"Espírito Santo";32;"de 15 a 29 anos";2;0,1308;0,0491;0,0346;0,2269;"Endodontia"
"Espírito Santo";32;"de 30 a 59 anos";3;0,0361;0,0199;-0,003;0,0752;"Endodontia"
"Espírito Santo";32;"60 anos e mais";4;0,0764;0,0461;-0,0139;0,1667;"Endodontia"
"Goiás";52;"de 0 a 14 anos";1;0,1663;0,0596;0,0494;0,2832;"Endodontia"
"Goiás";52;"de 15 a 29 anos";2;0,163;0,03;0,1041;0,2219;"Endodontia"
"Goiás";52;"de 30 a 59 anos";3;0,1928;0,0693;0,0569;0,3287;"Endodontia"
"Goiás";52;"60 anos e mais";4;0,0116;0,0047;0,0025;0,0208;"Endodontia"
"Maranhão";21;"de 0 a 14 anos";1;0,1479;0,0495;0,0508;0,245;"Endodontia"
"Maranhão";21;"de 15 a 29 anos";2;0,0653;0,0393;-0,0117;0,1424;"Endodontia"
"Maranhão";21;"de 30 a 59 anos";3;0,1646;0,0439;0,0787;0,2506;"Endodontia"
"Maranhão";21;"60 anos e mais";4;0,0535;0,0321;-0,0094;0,1164;"Endodontia"
"Mato Grosso";51;"de 0 a 14 anos";1;0,2351;0,0671;0,1037;0,3665;"Endodontia"
"Mato Grosso";51;"de 15 a 29 anos";2;0,3129;0,0698;0,1761;0,4498;"Endodontia"
"Mato Grosso";51;"de 30 a 59 anos";3;0,1286;0,0262;0,0773;0,18;"Endodontia"
"Mato Grosso";51;"60 anos e mais";4;0,0241;0,0174;-0,0099;0,0582;"Endodontia"
"Mato Grosso do Sul";50;"de 0 a 14 anos";1;0,0599;0,0223;0,0163;0,1036;"Endodontia"
"Mato Grosso do Sul";50;"de 15 a 29 anos";2;0,1144;0,0314;0,0529;0,1759;"Endodontia"
"Mato Grosso do Sul";50;"de 30 a 59 anos";3;0,0725;0,0263;0,021;0,1241;"Endodontia"
"Mato Grosso do Sul";50;"60 anos e mais";4;0,0603;0,0201;0,021;0,0996;"Endodontia"
"Minas Gerais";31;"de 0 a 14 anos";1;0,1113;0,043;0,0269;0,1956;"Endodontia"
"Minas Gerais";31;"de 15 a 29 anos";2;0,0913;0,0342;0,0243;0,1583;"Endodontia"
"Minas Gerais";31;"de 30 a 59 anos";3;0,1572;0,0426;0,0737;0,2408;"Endodontia"
"Minas Gerais";31;"60 anos e mais";4;0,0243;0,0096;0,0056;0,0431;"Endodontia"
"Paraná";41;"de 0 a 14 anos";1;0,0833;0,0316;0,0215;0,1452;"Endodontia"
"Paraná";41;"de 15 a 29 anos";2;0,0694;0,03;0,0106;0,1283;"Endodontia"
"Paraná";41;"de 30 a 59 anos";3;0,0996;0,0415;0,0183;0,1809;"Endodontia"
"Paraná";41;"60 anos e mais";4;0,0121;0,0059;6e-04;0,0236;"Endodontia"
"Paraíba";25;"de 0 a 14 anos";1;0,0538;0,0163;0,0218;0,0857;"Endodontia"
"Paraíba";25;"de 15 a 29 anos";2;0,0497;0,0255;-3e-04;0,0997;"Endodontia"
"Paraíba";25;"de 30 a 59 anos";3;0,0929;0,0209;0,0519;0,1339;"Endodontia"
"Paraíba";25;"60 anos e mais";4;0,0422;0,0275;-0,0116;0,096;"Endodontia"
"Pará";15;"de 0 a 14 anos";1;0,1358;0,0364;0,0644;0,2071;"Endodontia"
"Pará";15;"de 15 a 29 anos";2;0,1657;0,0852;-0,0012;0,3327;"Endodontia"
"Pará";15;"de 30 a 59 anos";3;0,0797;0,0178;0,0449;0,1145;"Endodontia"
"Pará";15;"60 anos e mais";4;0,0773;0,0561;-0,0326;0,1872;"Endodontia"
"Pernambuco";26;"de 0 a 14 anos";1;0,115;0,0372;0,0422;0,1879;"Endodontia"
"Pernambuco";26;"de 15 a 29 anos";2;0,1777;0,086;0,0091;0,3463;"Endodontia"
"Pernambuco";26;"de 30 a 59 anos";3;0,179;0,0631;0,0553;0,3027;"Endodontia"
"Pernambuco";26;"60 anos e mais";4;0,0769;0,0554;-0,0316;0,1854;"Endodontia"
"Piauí";22;"de 0 a 14 anos";1;0,1713;0,049;0,0754;0,2673;"Endodontia"
"Piauí";22;"de 15 a 29 anos";2;0,2379;0,0661;0,1083;0,3674;"Endodontia"
"Piauí";22;"de 30 a 59 anos";3;0,0808;0,0307;0,0207;0,1409;"Endodontia"
"Piauí";22;"60 anos e mais";4;0,0309;0,019;-0,0064;0,0682;"Endodontia"
"Rio Grande do Norte";24;"de 0 a 14 anos";1;0,2239;0,0744;0,078;0,3697;"Endodontia"
"Rio Grande do Norte";24;"de 15 a 29 anos";2;0,2768;0,0953;0,0899;0,4637;"Endodontia"
"Rio Grande do Norte";24;"de 30 a 59 anos";3;0,0578;0,0209;0,0168;0,0988;"Endodontia"
"Rio Grande do Norte";24;"60 anos e mais";4;0,037;0,017;0,0037;0,0703;"Endodontia"
"Rio Grande do Sul";43;"de 0 a 14 anos";1;0,1285;0,0534;0,0238;0,2331;"Endodontia"
"Rio Grande do Sul";43;"de 15 a 29 anos";2;0,057;0,027;0,004;0,1099;"Endodontia"
"Rio Grande do Sul";43;"de 30 a 59 anos";3;0,1429;0,0539;0,0372;0,2485;"Endodontia"
"Rio Grande do Sul";43;"60 anos e mais";4;0,0408;0,0183;0,005;0,0767;"Endodontia"
"Rio de Janeiro";33;"de 0 a 14 anos";1;0,0817;0,0347;0,0138;0,1496;"Endodontia"
"Rio de Janeiro";33;"de 15 a 29 anos";2;0,0856;0,0321;0,0227;0,1484;"Endodontia"
"Rio de Janeiro";33;"de 30 a 59 anos";3;0,167;0,0471;0,0747;0,2594;"Endodontia"
"Rio de Janeiro";33;"60 anos e mais";4;0,0238;0,0068;0,0105;0,0372;"Endodontia"
"Rondônia";11;"de 0 a 14 anos";1;0,3174;0,069;0,1822;0,4527;"Endodontia"
"Rondônia";11;"de 15 a 29 anos";2;0,1561;0,0377;0,0821;0,23;"Endodontia"
"Rondônia";11;"de 30 a 59 anos";3;0,2059;0,107;-0,0039;0,4156;"Endodontia"
"Rondônia";11;"60 anos e mais";4;0,0174;0,0132;-0,0084;0,0432;"Endodontia"
"Roraima";14;"de 0 a 14 anos";1;0,1485;0,0261;0,0973;0,1996;"Endodontia"
"Roraima";14;"de 15 a 29 anos";2;0,2485;0,0784;0,0949;0,4021;"Endodontia"
"Roraima";14;"de 30 a 59 anos";3;0,1841;0,0338;0,1179;0,2503;"Endodontia"
"Roraima";14;"60 anos e mais";4;0,0095;0,0064;-0,0029;0,022;"Endodontia"
"Santa Catarina";42;"de 0 a 14 anos";1;0,0619;0,0254;0,0121;0,1117;"Endodontia"
"Santa Catarina";42;"de 15 a 29 anos";2;0,0797;0,0327;0,0156;0,1438;"Endodontia"
"Santa Catarina";42;"de 30 a 59 anos";3;0,0532;0,0181;0,0178;0,0887;"Endodontia"
"Santa Catarina";42;"60 anos e mais";4;0,0537;0,0251;0,0044;0,103;"Endodontia"
"Sergipe";28;"de 0 a 14 anos";1;0,2183;0,075;0,0713;0,3652;"Endodontia"
"Sergipe";28;"de 15 a 29 anos";2;0,1489;0,0631;0,0252;0,2726;"Endodontia"
"Sergipe";28;"de 30 a 59 anos";3;0,1069;0,047;0,0147;0,199;"Endodontia"
"Sergipe";28;"60 anos e mais";4;0,0476;0,0232;0,0021;0,0931;"Endodontia"
"São Paulo";35;"de 0 a 14 anos";1;0,0989;0,0328;0,0347;0,1631;"Endodontia"
"São Paulo";35;"de 15 a 29 anos";2;0,0489;0,0187;0,0123;0,0855;"Endodontia"
"São Paulo";35;"de 30 a 59 anos";3;0,1076;0,0522;0,0052;0,21;"Endodontia"
"São Paulo";35;"60 anos e mais";4;0,0549;0,0322;-0,0082;0,118;"Endodontia"
"Tocantins";17;"de 0 a 14 anos";1;0,1486;0,045;0,0604;0,2368;"Endodontia"
"Tocantins";17;"de 15 a 29 anos";2;0,2777;0,097;0,0876;0,4679;"Endodontia"
"Tocantins";17;"de 30 a 59 anos";3;0,1824;0,0899;0,0062;0,3585;"Endodontia"
"Tocantins";17;"60 anos e mais";4;0,0203;0,0159;-0,0108;0,0515;"Endodontia"
"Acre";12;"de 0 a 14 anos";1;2,3076;0,4591;1,4078;3,2075;"APS"
"Acre";12;"de 15 a 29 anos";2;2,7126;0,6027;1,5313;3,8938;"APS"
"Acre";12;"de 30 a 59 anos";3;2,9853;0,5099;1,9859;3,9847;"APS"
"Acre";12;"60 anos e mais";4;1,1711;0,2584;0,6647;1,6776;"APS"
"Alagoas";27;"de 0 a 14 anos";1;1,5866;0,4134;0,7763;2,3968;"APS"
"Alagoas";27;"de 15 a 29 anos";2;2,2784;0,9238;0,4678;4,0889;"APS"
"Alagoas";27;"de 30 a 59 anos";3;3,5244;0,715;2,123;4,9258;"APS"
"Alagoas";27;"60 anos e mais";4;1,6161;0,2871;1,0534;2,1789;"APS"
"Amapá";16;"de 0 a 14 anos";1;2,124;0,2807;1,5738;2,6743;"APS"
"Amapá";16;"de 15 a 29 anos";2;2,5288;0,3719;1,7998;3,2577;"APS"
"Amapá";16;"de 30 a 59 anos";3;2,9771;0,4197;2,1546;3,7996;"APS"
"Amapá";16;"60 anos e mais";4;1,374;0,2591;0,8662;1,8818;"APS"
"Amazonas";13;"de 0 a 14 anos";1;2,248;0,2194;1,8179;2,6781;"APS"
"Amazonas";13;"de 15 a 29 anos";2;2,3998;0,3197;1,7732;3,0263;"APS"
"Amazonas";13;"de 30 a 59 anos";3;2,4429;0,2215;2,0088;2,877;"APS"
"Amazonas";13;"60 anos e mais";4;1,3614;0,1115;1,1428;1,58;"APS"
"Bahia";29;"de 0 a 14 anos";1;1,4526;0,1904;1,0794;1,8258;"APS"
"Bahia";29;"de 15 a 29 anos";2;1,5088;0,2429;1,0327;1,9849;"APS"
"Bahia";29;"de 30 a 59 anos";3;2,4848;0,4025;1,6959;3,2737;"APS"
"Bahia";29;"60 anos e mais";4;1,7701;0,3656;1,0537;2,4866;"APS"
"Ceará";23;"de 0 a 14 anos";1;1,4454;0,2535;0,9485;1,9423;"APS"
"Ceará";23;"de 15 a 29 anos";2;2,6687;0,8437;1,0151;4,3222;"APS"
"Ceará";23;"de 30 a 59 anos";3;3,3292;0,4197;2,5067;4,1517;"APS"
"Ceará";23;"60 anos e mais";4;1,7417;0,225;1,3007;2,1828;"APS"
"Distrito Federal";53;"de 0 a 14 anos";1;0,7787;0,0803;0,6214;0,936;"APS"
"Distrito Federal";53;"de 15 a 29 anos";2;0,8517;0,1653;0,5277;1,1756;"APS"
"Distrito Federal";53;"de 30 a 59 anos";3;1,8396;0,1992;1,4491;2,2301;"APS"
"Distrito Federal";53;"60 anos e mais";4;1,108;0,1675;0,7797;1,4362;"APS"
"Espírito Santo";32;"de 0 a 14 anos";1;1,4034;0,2606;0,8926;1,9142;"APS"
"Espírito Santo";32;"de 15 a 29 anos";2;1,4002;0,3511;0,712;2,0884;"APS"
"Espírito Santo";32;"de 30 a 59 anos";3;1,9053;0,3872;1,1463;2,6642;"APS"
"Espírito Santo";32;"60 anos e mais";4;1,3252;0,1984;0,9363;1,7141;"APS"
"Goiás";52;"de 0 a 14 anos";1;2,1421;0,381;1,3955;2,8888;"APS"
"Goiás";52;"de 15 a 29 anos";2;2,5141;0,3668;1,7953;3,2329;"APS"
"Goiás";52;"de 30 a 59 anos";3;2,7598;0,6104;1,5635;3,9561;"APS"
"Goiás";52;"60 anos e mais";4;0,9788;0,2133;0,5607;1,3969;"APS"
"Maranhão";21;"de 0 a 14 anos";1;1,4565;0,2734;0,9207;1,9924;"APS"
"Maranhão";21;"de 15 a 29 anos";2;1,5326;0,3248;0,896;2,1693;"APS"
"Maranhão";21;"de 30 a 59 anos";3;1,9242;0,4139;1,1131;2,7354;"APS"
"Maranhão";21;"60 anos e mais";4;1,6425;0,3359;0,9842;2,3009;"APS"
"Mato Grosso";51;"de 0 a 14 anos";1;2,0809;0,2799;1,5322;2,6296;"APS"
"Mato Grosso";51;"de 15 a 29 anos";2;3,0897;0,449;2,2098;3,9697;"APS"
"Mato Grosso";51;"de 30 a 59 anos";3;2,6896;0,3355;2,0321;3,3472;"APS"
"Mato Grosso";51;"60 anos e mais";4;1,5148;0,2803;0,9654;2,0642;"APS"
"Mato Grosso do Sul";50;"de 0 a 14 anos";1;1,1643;0,17;0,831;1,4975;"APS"
"Mato Grosso do Sul";50;"de 15 a 29 anos";2;1,9507;0,3076;1,3479;2,5536;"APS"
"Mato Grosso do Sul";50;"de 30 a 59 anos";3;2,4128;0,3205;1,7847;3,041;"APS"
"Mato Grosso do Sul";50;"60 anos e mais";4;1,3512;0,2247;0,9108;1,7916;"APS"
"Minas Gerais";31;"de 0 a 14 anos";1;1,0859;0,1834;0,7263;1,4454;"APS"
"Minas Gerais";31;"de 15 a 29 anos";2;1,5393;0,2364;1,0759;2,0028;"APS"
"Minas Gerais";31;"de 30 a 59 anos";3;1,4596;0,2541;0,9616;1,9575;"APS"
"Minas Gerais";31;"60 anos e mais";4;0,9907;0,1875;0,6231;1,3583;"APS"
"Paraná";41;"de 0 a 14 anos";1;0,8962;0,1362;0,6293;1,163;"APS"
"Paraná";41;"de 15 a 29 anos";2;1,2198;0,259;0,7122;1,7274;"APS"
"Paraná";41;"de 30 a 59 anos";3;1,6691;0,2158;1,2462;2,092;"APS"
"Paraná";41;"60 anos e mais";4;0,7931;0,1248;0,5485;1,0378;"APS"
"Paraíba";25;"de 0 a 14 anos";1;1,8702;0,2416;1,3966;2,3437;"APS"
"Paraíba";25;"de 15 a 29 anos";2;2,3203;0,5533;1,236;3,4047;"APS"
"Paraíba";25;"de 30 a 59 anos";3;2,5935;0,3244;1,9577;3,2293;"APS"
"Paraíba";25;"60 anos e mais";4;1,3697;0,2234;0,9319;1,8075;"APS"
"Pará";15;"de 0 a 14 anos";1;1,8648;0,259;1,3572;2,3724;"APS"
"Pará";15;"de 15 a 29 anos";2;2,5956;0,4925;1,6305;3,5608;"APS"
"Pará";15;"de 30 a 59 anos";3;3,7884;0,8415;2,1392;5,4376;"APS"
"Pará";15;"60 anos e mais";4;1,5176;0,2279;1,071;1,9642;"APS"
"Pernambuco";26;"de 0 a 14 anos";1;1,6627;0,2376;1,197;2,1284;"APS"
"Pernambuco";26;"de 15 a 29 anos";2;1,8817;0,3445;1,2064;2,557;"APS"
"Pernambuco";26;"de 30 a 59 anos";3;2,1375;0,3049;1,5398;2,7351;"APS"
"Pernambuco";26;"60 anos e mais";4;1,3926;0,1537;1,0914;1,6938;"APS"
"Piauí";22;"de 0 a 14 anos";1;2,1078;0,2508;1,6163;2,5993;"APS"
"Piauí";22;"de 15 a 29 anos";2;2,5172;0,3728;1,7866;3,2479;"APS"
"Piauí";22;"de 30 a 59 anos";3;2,841;0,5169;1,8279;3,8541;"APS"
"Piauí";22;"60 anos e mais";4;1,1879;0,3152;0,5701;1,8056;"APS"
"Rio Grande do Norte";24;"de 0 a 14 anos";1;2,3034;0,5965;1,1343;3,4724;"APS"
"Rio Grande do Norte";24;"de 15 a 29 anos";2;2,8676;0,5837;1,7235;4,0116;"APS"
"Rio Grande do Norte";24;"de 30 a 59 anos";3;3,1904;0,1548;2,887;3,4937;"APS"
"Rio Grande do Norte";24;"60 anos e mais";4;1,4967;0,3198;0,87;2,1234;"APS"
"Rio Grande do Sul";43;"de 0 a 14 anos";1;1,5741;0,2265;1,1302;2,018;"APS"
"Rio Grande do Sul";43;"de 15 a 29 anos";2;1,3998;0,18;1,0469;1,7527;"APS"
"Rio Grande do Sul";43;"de 30 a 59 anos";3;1,9216;0,3974;1,1427;2,7005;"APS"
"Rio Grande do Sul";43;"60 anos e mais";4;1,2654;0,1459;0,9795;1,5513;"APS"
"Rio de Janeiro";33;"de 0 a 14 anos";1;1,1103;0,172;0,7733;1,4473;"APS"
"Rio de Janeiro";33;"de 15 a 29 anos";2;1,4686;0,1449;1,1846;1,7526;"APS"
"Rio de Janeiro";33;"de 30 a 59 anos";3;2,742;0,2785;2,196;3,2879;"APS"
"Rio de Janeiro";33;"60 anos e mais";4;1,6282;0,181;1,2734;1,983;"APS"
"Rondônia";11;"de 0 a 14 anos";1;1,5738;0,2444;1,0947;2,0529;"APS"
"Rondônia";11;"de 15 a 29 anos";2;2,0262;0,4041;1,2342;2,8183;"APS"
"Rondônia";11;"de 30 a 59 anos";3;2,9869;0,2979;2,4029;3,5709;"APS"
"Rondônia";11;"60 anos e mais";4;0,9718;0,1509;0,676;1,2676;"APS"
"Roraima";14;"de 0 a 14 anos";1;2,8745;0,4163;2,0586;3,6904;"APS"
"Roraima";14;"de 15 a 29 anos";2;3,3833;0,5347;2,3354;4,4313;"APS"
"Roraima";14;"de 30 a 59 anos";3;3,6186;0,6104;2,4223;4,8149;"APS"
"Roraima";14;"60 anos e mais";4;1,8573;0,3647;1,1426;2,5721;"APS"
"Santa Catarina";42;"de 0 a 14 anos";1;0,7709;0,1746;0,4288;1,113;"APS"
"Santa Catarina";42;"de 15 a 29 anos";2;0,6833;0,1028;0,4818;0,8848;"APS"
"Santa Catarina";42;"de 30 a 59 anos";3;1,3942;0,2504;0,9034;1,8849;"APS"
"Santa Catarina";42;"60 anos e mais";4;0,8389;0,1053;0,6324;1,0453;"APS"
"Sergipe";28;"de 0 a 14 anos";1;1,8447;0,151;1,5487;2,1406;"APS"
"Sergipe";28;"de 15 a 29 anos";2;2,1454;0,2836;1,5897;2,7012;"APS"
"Sergipe";28;"de 30 a 59 anos";3;2,6343;0,2689;2,1073;3,1614;"APS"
"Sergipe";28;"60 anos e mais";4;1,2718;0,1728;0,9332;1,6105;"APS"
"São Paulo";35;"de 0 a 14 anos";1;1,0673;0,2898;0,4992;1,6353;"APS"
"São Paulo";35;"de 15 a 29 anos";2;1,1835;0,2388;0,7154;1,6516;"APS"
"São Paulo";35;"de 30 a 59 anos";3;2,5201;0,2666;1,9977;3,0426;"APS"
"São Paulo";35;"60 anos e mais";4;1,6568;0,3503;0,9702;2,3434;"APS"
"Tocantins";17;"de 0 a 14 anos";1;1,8741;0,2767;1,3317;2,4164;"APS"
"Tocantins";17;"de 15 a 29 anos";2;2,9289;0,3486;2,2457;3,6121;"APS"
"Tocantins";17;"de 30 a 59 anos";3;2,824;0,5148;1,8151;3,8329;"APS"
"Tocantins";17;"60 anos e mais";4;1,3868;0,2608;0,8756;1,898;"APS"
"Acre";12;"de 0 a 14 anos";1;0;0;0;0;"Periodontia"
"Acre";12;"de 15 a 29 anos";2;0;0;0;0;"Periodontia"
"Acre";12;"de 30 a 59 anos";3;0;0;0;0;"Periodontia"
"Acre";12;"60 anos e mais";4;0,0163;0,0147;-0,0125;0,0451;"Periodontia"
"Alagoas";27;"de 0 a 14 anos";1;0;0;0;0;"Periodontia"
"Alagoas";27;"de 15 a 29 anos";2;4e-04;4e-04;-4e-04;0,0012;"Periodontia"
"Alagoas";27;"de 30 a 59 anos";3;0,0054;0,0029;-2e-04;0,011;"Periodontia"
"Alagoas";27;"60 anos e mais";4;0,0426;0,0397;-0,0351;0,1203;"Periodontia"
"Amapá";16;"de 0 a 14 anos";1;0;0;0;0;"Periodontia"
"Amapá";16;"de 15 a 29 anos";2;0;0;0;0;"Periodontia"
"Amapá";16;"de 30 a 59 anos";3;0,0088;0,0069;-0,0048;0,0224;"Periodontia"
"Amapá";16;"60 anos e mais";4;0;0;0;0;"Periodontia"
"Amazonas";13;"de 0 a 14 anos";1;0;0;0;0;"Periodontia"
"Amazonas";13;"de 15 a 29 anos";2;0,0025;0,0025;-0,0024;0,0074;"Periodontia"
"Amazonas";13;"de 30 a 59 anos";3;0,014;0,0077;-0,0011;0,0292;"Periodontia"
"Amazonas";13;"60 anos e mais";4;0,029;0,0124;0,0048;0,0532;"Periodontia"
"Bahia";29;"de 0 a 14 anos";1;0;0;0;0;"Periodontia"
"Bahia";29;"de 15 a 29 anos";2;0;0;0;0;"Periodontia"
"Bahia";29;"de 30 a 59 anos";3;0,0329;0,0148;0,0039;0,062;"Periodontia"
"Bahia";29;"60 anos e mais";4;0,0378;0,0128;0,0126;0,0629;"Periodontia"
"Ceará";23;"de 0 a 14 anos";1;0;0;0;0;"Periodontia"
"Ceará";23;"de 15 a 29 anos";2;0,0067;0,0066;-0,0063;0,0196;"Periodontia"
"Ceará";23;"de 30 a 59 anos";3;0,0229;0,0143;-0,0051;0,0509;"Periodontia"
"Ceará";23;"60 anos e mais";4;0,0076;0,0038;2e-04;0,015;"Periodontia"
"Distrito Federal";53;"de 0 a 14 anos";1;0;0;0;0;"Periodontia"
"Distrito Federal";53;"de 15 a 29 anos";2;0;0;0;0;"Periodontia"
"Distrito Federal";53;"de 30 a 59 anos";3;0,0988;0,0351;0,03;0,1676;"Periodontia"
"Distrito Federal";53;"60 anos e mais";4;0,0337;0,015;0,0042;0,0631;"Periodontia"
"Espírito Santo";32;"de 0 a 14 anos";1;0;0;0;0;"Periodontia"
"Espírito Santo";32;"de 15 a 29 anos";2;0,0072;0,0062;-0,0049;0,0193;"Periodontia"
"Espírito Santo";32;"de 30 a 59 anos";3;0,0074;0,0035;5e-04;0,0143;"Periodontia"
"Espírito Santo";32;"60 anos e mais";4;0,0069;0,0044;-0,0017;0,0156;"Periodontia"
"Goiás";52;"de 0 a 14 anos";1;0;0;0;0;"Periodontia"
"Goiás";52;"de 15 a 29 anos";2;0,0358;0,034;-0,0307;0,1024;"Periodontia"
"Goiás";52;"de 30 a 59 anos";3;0,0126;0,0084;-0,0038;0,029;"Periodontia"
"Goiás";52;"60 anos e mais";4;0,1018;0,0368;0,0296;0,174;"Periodontia"
"Maranhão";21;"de 0 a 14 anos";1;0;0;0;0;"Periodontia"
"Maranhão";21;"de 15 a 29 anos";2;0;0;0;0;"Periodontia"
"Maranhão";21;"de 30 a 59 anos";3;0,0252;0,0247;-0,0232;0,0736;"Periodontia"
"Maranhão";21;"60 anos e mais";4;0,0337;0,0231;-0,0115;0,0789;"Periodontia"
"Mato Grosso";51;"de 0 a 14 anos";1;0;0;0;0;"Periodontia"
"Mato Grosso";51;"de 15 a 29 anos";2;0,0261;0,0173;-0,0079;0,06;"Periodontia"
"Mato Grosso";51;"de 30 a 59 anos";3;0,064;0,0367;-0,0078;0,1359;"Periodontia"
"Mato Grosso";51;"60 anos e mais";4;0,02;0,0098;7e-04;0,0392;"Periodontia"
"Mato Grosso do Sul";50;"de 0 a 14 anos";1;0;0;0;0;"Periodontia"
"Mato Grosso do Sul";50;"de 15 a 29 anos";2;0;0;0;0;"Periodontia"
"Mato Grosso do Sul";50;"de 30 a 59 anos";3;0,0328;0,0158;0,0018;0,0637;"Periodontia"
"Mato Grosso do Sul";50;"60 anos e mais";4;0,0195;0,0115;-0,0031;0,0421;"Periodontia"
"Minas Gerais";31;"de 0 a 14 anos";1;0;0;0;0;"Periodontia"
"Minas Gerais";31;"de 15 a 29 anos";2;3e-04;3e-04;-3e-04;0,001;"Periodontia"
"Minas Gerais";31;"de 30 a 59 anos";3;0,0224;0,0143;-0,0056;0,0503;"Periodontia"
"Minas Gerais";31;"60 anos e mais";4;0,0096;0,0059;-0,002;0,0213;"Periodontia"
"Paraná";41;"de 0 a 14 anos";1;0;0;0;0;"Periodontia"
"Paraná";41;"de 15 a 29 anos";2;0,0066;0,0065;-0,0062;0,0194;"Periodontia"
"Paraná";41;"de 30 a 59 anos";3;0,0587;0,0326;-0,0051;0,1225;"Periodontia"
"Paraná";41;"60 anos e mais";4;0,0283;0,0119;0,0049;0,0516;"Periodontia"
"Paraíba";25;"de 0 a 14 anos";1;0;0;0;0;"Periodontia"
"Paraíba";25;"de 15 a 29 anos";2;0,0012;0,0012;-0,0012;0,0035;"Periodontia"
"Paraíba";25;"de 30 a 59 anos";3;0,0445;0,0266;-0,0076;0,0967;"Periodontia"
"Paraíba";25;"60 anos e mais";4;0,01;0,0081;-0,0059;0,0258;"Periodontia"
"Pará";15;"de 0 a 14 anos";1;0;0;0;0;"Periodontia"
"Pará";15;"de 15 a 29 anos";2;0,0515;0,0418;-0,0305;0,1335;"Periodontia"
"Pará";15;"de 30 a 59 anos";3;0,0376;0,024;-0,0095;0,0846;"Periodontia"
"Pará";15;"60 anos e mais";4;0,0407;0,0308;-0,0196;0,101;"Periodontia"
"Pernambuco";26;"de 0 a 14 anos";1;0;0;0;0;"Periodontia"
"Pernambuco";26;"de 15 a 29 anos";2;4e-04;4e-04;-4e-04;0,0011;"Periodontia"
"Pernambuco";26;"de 30 a 59 anos";3;0,0052;0,0027;0;0,0104;"Periodontia"
"Pernambuco";26;"60 anos e mais";4;0,0279;0,0143;0;0,0559;"Periodontia"
"Piauí";22;"de 0 a 14 anos";1;0;0;0;0;"Periodontia"
"Piauí";22;"de 15 a 29 anos";2;0;0;0;0;"Periodontia"
"Piauí";22;"de 30 a 59 anos";3;0,0219;0,0103;0,0018;0,042;"Periodontia"
"Piauí";22;"60 anos e mais";4;0,0307;0,0134;0,0044;0,0569;"Periodontia"
"Rio Grande do Norte";24;"de 0 a 14 anos";1;0;0;0;0;"Periodontia"
"Rio Grande do Norte";24;"de 15 a 29 anos";2;0,0025;0,0019;-0,0012;0,0062;"Periodontia"
"Rio Grande do Norte";24;"de 30 a 59 anos";3;0,0067;0,003;8e-04;0,0127;"Periodontia"
"Rio Grande do Norte";24;"60 anos e mais";4;0,0097;0,0055;-0,0011;0,0205;"Periodontia"
"Rio Grande do Sul";43;"de 0 a 14 anos";1;0;0;0;0;"Periodontia"
"Rio Grande do Sul";43;"de 15 a 29 anos";2;0;0;0;0;"Periodontia"
"Rio Grande do Sul";43;"de 30 a 59 anos";3;0,0025;0,0012;0;0,0049;"Periodontia"
"Rio Grande do Sul";43;"60 anos e mais";4;0,0638;0,0203;0,0241;0,1036;"Periodontia"
"Rio de Janeiro";33;"de 0 a 14 anos";1;0;0;0;0;"Periodontia"
"Rio de Janeiro";33;"de 15 a 29 anos";2;0,0039;0,0027;-0,0013;0,0091;"Periodontia"
"Rio de Janeiro";33;"de 30 a 59 anos";3;0,0733;0,0288;0,0168;0,1298;"Periodontia"
"Rio de Janeiro";33;"60 anos e mais";4;0,0592;0,0239;0,0123;0,106;"Periodontia"
"Rondônia";11;"de 0 a 14 anos";1;0;0;0;0;"Periodontia"
"Rondônia";11;"de 15 a 29 anos";2;0;0;0;0;"Periodontia"
"Rondônia";11;"de 30 a 59 anos";3;0;0;0;0;"Periodontia"
"Rondônia";11;"60 anos e mais";4;0,0068;0,0047;-0,0023;0,016;"Periodontia"
"Roraima";14;"de 0 a 14 anos";1;0;0;0;0;"Periodontia"
"Roraima";14;"de 15 a 29 anos";2;0;0;0;0;"Periodontia"
"Roraima";14;"de 30 a 59 anos";3;0,0082;0,0055;-0,0025;0,0189;"Periodontia"
"Roraima";14;"60 anos e mais";4;0,0139;0,0082;-0,0023;0,03;"Periodontia"
"Santa Catarina";42;"de 0 a 14 anos";1;0;0;0;0;"Periodontia"
"Santa Catarina";42;"de 15 a 29 anos";2;0;0;0;0;"Periodontia"
"Santa Catarina";42;"de 30 a 59 anos";3;0,1184;0,0722;-0,0231;0,2598;"Periodontia"
"Santa Catarina";42;"60 anos e mais";4;0,017;0,0091;-9e-04;0,0349;"Periodontia"
"Sergipe";28;"de 0 a 14 anos";1;0;0;0;0;"Periodontia"
"Sergipe";28;"de 15 a 29 anos";2;0,0092;0,0093;-0,009;0,0273;"Periodontia"
"Sergipe";28;"de 30 a 59 anos";3;0,0769;0,0318;0,0146;0,1392;"Periodontia"
"Sergipe";28;"60 anos e mais";4;0,0747;0,034;0,008;0,1414;"Periodontia"
"São Paulo";35;"de 0 a 14 anos";1;0;0;0;0;"Periodontia"
"São Paulo";35;"de 15 a 29 anos";2;0,0039;0,0039;-0,0038;0,0116;"Periodontia"
"São Paulo";35;"de 30 a 59 anos";3;0,1406;0,0787;-0,0137;0,2948;"Periodontia"
"São Paulo";35;"60 anos e mais";4;0,0622;0,0372;-0,0107;0,1351;"Periodontia"
"Tocantins";17;"de 0 a 14 anos";1;0;0;0;0;"Periodontia"
"Tocantins";17;"de 15 a 29 anos";2;0,0234;0,0196;-0,0149;0,0617;"Periodontia"
"Tocantins";17;"de 30 a 59 anos";3;0,0227;0,0185;-0,0136;0,0591;"Periodontia"
"Tocantins";17;"60 anos e mais";4;0,019;0,0159;-0,0122;0,0501;"Periodontia"
"Acre";12;"de 15 a 29 anos";2;0,1435;0,0507;0,0441;0,2428;"Prótese"
"Acre";12;"de 30 a 59 anos";3;0,9493;0,0808;0,791;1,1075;"Prótese"
"Acre";12;"60 anos e mais";4;1,5722;0,0683;1,4384;1,7061;"Prótese"
"Acre";12;"de 0 a 14 anos";1;0;0;0;0;"Prótese"
"Alagoas";27;"de 15 a 29 anos";2;0,274;0,0733;0,1304;0,4176;"Prótese"
"Alagoas";27;"de 30 a 59 anos";3;1,0876;0,1001;0,8914;1,2838;"Prótese"
"Alagoas";27;"60 anos e mais";4;1,5272;0,0813;1,3678;1,6866;"Prótese"
"Alagoas";27;"de 0 a 14 anos";1;0;0;0;0;"Prótese"
"Amapá";16;"de 15 a 29 anos";2;0,2375;0,046;0,1474;0,3275;"Prótese"
"Amapá";16;"de 30 a 59 anos";3;0,9187;0,1246;0,6744;1,163;"Prótese"
"Amapá";16;"60 anos e mais";4;1,4029;0,091;1,2244;1,5813;"Prótese"
"Amapá";16;"de 0 a 14 anos";1;0;0;0;0;"Prótese"
"Amazonas";13;"de 15 a 29 anos";2;0,2627;0,0501;0,1645;0,3609;"Prótese"
"Amazonas";13;"de 30 a 59 anos";3;1,23;0,0648;1,1031;1,3569;"Prótese"
"Amazonas";13;"60 anos e mais";4;1,3573;0,0971;1,167;1,5475;"Prótese"
"Amazonas";13;"de 0 a 14 anos";1;0;0;0;0;"Prótese"
"Bahia";29;"de 15 a 29 anos";2;0,1781;0,0418;0,0962;0,2599;"Prótese"
"Bahia";29;"de 30 a 59 anos";3;0,9754;0,1202;0,7398;1,2111;"Prótese"
"Bahia";29;"60 anos e mais";4;1,6317;0,0692;1,4961;1,7672;"Prótese"
"Bahia";29;"de 0 a 14 anos";1;0;0;0;0;"Prótese"
"Ceará";23;"de 15 a 29 anos";2;0,1492;0,044;0,063;0,2353;"Prótese"
"Ceará";23;"de 30 a 59 anos";3;1,025;0,1473;0,7362;1,3137;"Prótese"
"Ceará";23;"60 anos e mais";4;1,6588;0,0767;1,5084;1,8091;"Prótese"
"Ceará";23;"de 0 a 14 anos";1;0;0;0;0;"Prótese"
"Distrito Federal";53;"de 15 a 29 anos";2;0,0861;0,0311;0,0251;0,1471;"Prótese"
"Distrito Federal";53;"de 30 a 59 anos";3;0,6831;0,0753;0,5355;0,8308;"Prótese"
"Distrito Federal";53;"60 anos e mais";4;1,2926;0,0913;1,1136;1,4717;"Prótese"
"Distrito Federal";53;"de 0 a 14 anos";1;0;0;0;0;"Prótese"
"Espírito Santo";32;"de 15 a 29 anos";2;0,0245;0,0145;-0,0039;0,053;"Prótese"
"Espírito Santo";32;"de 30 a 59 anos";3;0,5713;0,1219;0,3323;0,8102;"Prótese"
"Espírito Santo";32;"60 anos e mais";4;1,3849;0,1406;1,1093;1,6605;"Prótese"
"Espírito Santo";32;"de 0 a 14 anos";1;0;0;0;0;"Prótese"
"Goiás";52;"de 15 a 29 anos";2;0,1827;0,0572;0,0706;0,2948;"Prótese"
"Goiás";52;"de 30 a 59 anos";3;0,7773;0,0691;0,6419;0,9126;"Prótese"
"Goiás";52;"60 anos e mais";4;1,3793;0,1151;1,1537;1,6048;"Prótese"
"Goiás";52;"de 0 a 14 anos";1;0;0;0;0;"Prótese"
"Maranhão";21;"de 15 a 29 anos";2;0,1937;0,0674;0,0615;0,3258;"Prótese"
"Maranhão";21;"de 30 a 59 anos";3;0,8431;0,0952;0,6565;1,0297;"Prótese"
"Maranhão";21;"60 anos e mais";4;1,5466;0,1517;1,2493;1,8439;"Prótese"
"Maranhão";21;"de 0 a 14 anos";1;0;0;0;0;"Prótese"
"Mato Grosso";51;"de 15 a 29 anos";2;0,1269;0,0346;0,0591;0,1947;"Prótese"
"Mato Grosso";51;"de 30 a 59 anos";3;0,8237;0,0766;0,6736;0,9737;"Prótese"
"Mato Grosso";51;"60 anos e mais";4;1,4578;0,1067;1,2486;1,667;"Prótese"
"Mato Grosso";51;"de 0 a 14 anos";1;0;0;0;0;"Prótese"
"Mato Grosso do Sul";50;"de 15 a 29 anos";2;0,0813;0,0308;0,0209;0,1417;"Prótese"
"Mato Grosso do Sul";50;"de 30 a 59 anos";3;0,7043;0,087;0,5339;0,8747;"Prótese"
"Mato Grosso do Sul";50;"60 anos e mais";4;1,5709;0,0639;1,4455;1,6962;"Prótese"
"Mato Grosso do Sul";50;"de 0 a 14 anos";1;0;0;0;0;"Prótese"
"Minas Gerais";31;"de 15 a 29 anos";2;0,0327;0,0181;-0,0027;0,0681;"Prótese"
"Minas Gerais";31;"de 30 a 59 anos";3;0,6216;0,1159;0,3944;0,8488;"Prótese"
"Minas Gerais";31;"60 anos e mais";4;1,3228;0,0921;1,1422;1,5034;"Prótese"
"Minas Gerais";31;"de 0 a 14 anos";1;0;0;0;0;"Prótese"
"Paraná";41;"de 15 a 29 anos";2;0,0563;0,0294;-0,0014;0,114;"Prótese"
"Paraná";41;"de 30 a 59 anos";3;0,5511;0,1007;0,3537;0,7485;"Prótese"
"Paraná";41;"60 anos e mais";4;1,0074;0,0973;0,8167;1,198;"Prótese"
"Paraná";41;"de 0 a 14 anos";1;0;0;0;0;"Prótese"
"Paraíba";25;"de 15 a 29 anos";2;0,0721;0,028;0,0172;0,127;"Prótese"
"Paraíba";25;"de 30 a 59 anos";3;1,0851;0,1038;0,8817;1,2885;"Prótese"
"Paraíba";25;"60 anos e mais";4;1,7641;0,1041;1,5601;1,968;"Prótese"
"Paraíba";25;"de 0 a 14 anos";1;0;0;0;0;"Prótese"
"Pará";15;"de 15 a 29 anos";2;0,1805;0,0599;0,0631;0,2979;"Prótese"
"Pará";15;"de 30 a 59 anos";3;1,1421;0,0813;0,9827;1,3015;"Prótese"
"Pará";15;"60 anos e mais";4;1,5928;0,0859;1,4244;1,7612;"Prótese"
"Pará";15;"de 0 a 14 anos";1;0;0;0;0;"Prótese"
"Pernambuco";26;"de 15 a 29 anos";2;0,1291;0,0712;-0,0104;0,2687;"Prótese"
"Pernambuco";26;"de 30 a 59 anos";3;1,1899;0,0913;1,011;1,3688;"Prótese"
"Pernambuco";26;"60 anos e mais";4;1,7015;0,1199;1,4665;1,9364;"Prótese"
"Pernambuco";26;"de 0 a 14 anos";1;0;0;0;0;"Prótese"
"Piauí";22;"de 15 a 29 anos";2;0,1854;0,0312;0,1242;0,2466;"Prótese"
"Piauí";22;"de 30 a 59 anos";3;0,8989;0,1111;0,6811;1,1167;"Prótese"
"Piauí";22;"60 anos e mais";4;1,5093;0,0804;1,3517;1,6668;"Prótese"
"Piauí";22;"de 0 a 14 anos";1;0;0;0;0;"Prótese"
"Rio Grande do Norte";24;"de 15 a 29 anos";2;0,3248;0,107;0,115;0,5346;"Prótese"
"Rio Grande do Norte";24;"de 30 a 59 anos";3;0,9652;0,2693;0,4373;1,4931;"Prótese"
"Rio Grande do Norte";24;"60 anos e mais";4;1,7872;0,0874;1,616;1,9585;"Prótese"
"Rio Grande do Norte";24;"de 0 a 14 anos";1;0;0;0;0;"Prótese"
"Rio Grande do Sul";43;"de 15 a 29 anos";2;0,0866;0,0344;0,0191;0,154;"Prótese"
"Rio Grande do Sul";43;"de 30 a 59 anos";3;0,7944;0,1319;0,5359;1,0528;"Prótese"
"Rio Grande do Sul";43;"60 anos e mais";4;1,2274;0,0822;1,0664;1,3884;"Prótese"
"Rio Grande do Sul";43;"de 0 a 14 anos";1;0;0;0;0;"Prótese"
"Rio de Janeiro";33;"de 15 a 29 anos";2;0,063;0,0194;0,025;0,1009;"Prótese"
"Rio de Janeiro";33;"de 30 a 59 anos";3;0,7885;0,084;0,6239;0,9531;"Prótese"
"Rio de Janeiro";33;"60 anos e mais";4;1,438;0,0828;1,2758;1,6002;"Prótese"
"Rio de Janeiro";33;"de 0 a 14 anos";1;0;0;0;0;"Prótese"
"Rondônia";11;"de 15 a 29 anos";2;0,1248;0,0227;0,0803;0,1693;"Prótese"
"Rondônia";11;"de 30 a 59 anos";3;1,0676;0,0979;0,8758;1,2594;"Prótese"
"Rondônia";11;"60 anos e mais";4;1,2677;0,0906;1,0901;1,4452;"Prótese"
"Rondônia";11;"de 0 a 14 anos";1;0;0;0;0;"Prótese"
"Roraima";14;"de 15 a 29 anos";2;0,2295;0,0306;0,1696;0,2895;"Prótese"
"Roraima";14;"de 30 a 59 anos";3;1,04;0,0662;0,9102;1,1698;"Prótese"
"Roraima";14;"60 anos e mais";4;1,589;0,0596;1,4723;1,7058;"Prótese"
"Roraima";14;"de 0 a 14 anos";1;0;0;0;0;"Prótese"
"Santa Catarina";42;"de 15 a 29 anos";2;0,0471;0,0264;-0,0048;0,0989;"Prótese"
"Santa Catarina";42;"de 30 a 59 anos";3;0,617;0,1429;0,337;0,897;"Prótese"
"Santa Catarina";42;"60 anos e mais";4;1,1843;0,1149;0,959;1,4096;"Prótese"
"Santa Catarina";42;"de 0 a 14 anos";1;0;0;0;0;"Prótese"
"Sergipe";28;"de 15 a 29 anos";2;0,0584;0,0211;0,017;0,0998;"Prótese"
"Sergipe";28;"de 30 a 59 anos";3;1,0105;0,0935;0,8272;1,1937;"Prótese"
"Sergipe";28;"60 anos e mais";4;1,8244;0,0793;1,669;1,9799;"Prótese"
"Sergipe";28;"de 0 a 14 anos";1;0;0;0;0;"Prótese"
"São Paulo";35;"de 15 a 29 anos";2;0,0881;0,0536;-0,0169;0,1931;"Prótese"
"São Paulo";35;"de 30 a 59 anos";3;0,7327;0,066;0,6034;0,862;"Prótese"
"São Paulo";35;"60 anos e mais";4;1,3385;0,097;1,1484;1,5286;"Prótese"
"São Paulo";35;"de 0 a 14 anos";1;0;0;0;0;"Prótese"
"Tocantins";17;"de 15 a 29 anos";2;0,249;0,0967;0,0595;0,4385;"Prótese"
"Tocantins";17;"de 30 a 59 anos";3;0,8756;0,127;0,6267;1,1245;"Prótese"
"Tocantins";17;"60 anos e mais";4;1,4986;0,1389;1,2263;1,771;"Prótese"
"Tocantins";17;"de 0 a 14 anos";1;0;0;0;0;"Prótese"
