Unnamed: 0;UF;cod_uf;faixa_etaria;cod_faixa;proc_per_capita;se;ic_inf;ic_sup;tipo_procedimento;total_populacao
1;Acre;12;de 0 a 14 anos;1;0.3598;0.1362;0.0927;0.6268;Endodontia;221160
2;Acre;12;de 15 a 29 anos;2;0.2245;0.0585;0.1099;0.3391;Endodontia;224784
3;Acre;12;de 30 a 59 anos;3;0.1455;0.0361;0.0747;0.2162;Endodontia;305658
4;Acre;12;60 anos e mais;4;0.1058;0.0611;-0.0139;0.2254;Endodontia;78416
5;Alagoas;27;de 0 a 14 anos;1;0.141;0.0858;-0.0272;0.3092;Endodontia;711691
6;Alagoas;27;de 15 a 29 anos;2;0.1158;0.0324;0.0523;0.1793;Endodontia;759755
7;Alagoas;27;de 30 a 59 anos;3;0.0657;0.0253;0.0161;0.1152;Endodontia;1247016
8;Alagoas;27;60 anos e mais;4;0.0037;0.0023;-0.0008;0.0083;Endodontia;409221
9;Amapá;16;de 0 a 14 anos;1;0.1003;0.0507;0.0009;0.1997;Endodontia;198176
10;Amapá;16;de 15 a 29 anos;2;0.1587;0.0931;-0.0238;0.3412;Endodontia;200435
11;Amapá;16;de 30 a 59 anos;3;0.0879;0.0238;0.0413;0.1346;Endodontia;273232
12;Amapá;16;60 anos e mais;4;0.055;0.0203;0.0151;0.0948;Endodontia;61916
13;Amazonas;13;de 0 a 14 anos;1;0.191;0.0539;0.0854;0.2966;Endodontia;1075426
14;Amazonas;13;de 15 a 29 anos;2;0.1682;0.0594;0.0518;0.2845;Endodontia;1063019
15;Amazonas;13;de 30 a 59 anos;3;0.1086;0.0256;0.0585;0.1588;Endodontia;1446186
16;Amazonas;13;60 anos e mais;4;0.0568;0.0217;0.0143;0.0993;Endodontia;356982
17;Bahia;29;de 0 a 14 anos;1;0.1772;0.0647;0.0503;0.304;Endodontia;2863071
18;Bahia;29;de 15 a 29 anos;2;0.2504;0.1762;-0.095;0.5957;Endodontia;3174682
19;Bahia;29;de 30 a 59 anos;3;0.3329;0.0943;0.148;0.5177;Endodontia;5944594
20;Bahia;29;60 anos e mais;4;0.0964;0.0327;0.0323;0.1605;Endodontia;2159279
21;Ceará;23;de 0 a 14 anos;1;0.1437;0.0438;0.0578;0.2295;Endodontia;1802435
22;Ceará;23;de 15 a 29 anos;2;0.0762;0.0352;0.0072;0.1452;Endodontia;2070180
23;Ceará;23;de 30 a 59 anos;3;0.1341;0.0541;0.028;0.2402;Endodontia;3631809
24;Ceará;23;60 anos e mais;4;0.0164;0.0092;-0.0017;0.0345;Endodontia;1290533
25;Distrito Federal;53;de 0 a 14 anos;1;0.0747;0.0186;0.0383;0.1112;Endodontia;534233
26;Distrito Federal;53;de 15 a 29 anos;2;0.0678;0.0243;0.0202;0.1155;Endodontia;660674
27;Distrito Federal;53;de 30 a 59 anos;3;0.0977;0.0275;0.0439;0.1516;Endodontia;1257384
28;Distrito Federal;53;60 anos e mais;4;0.034;0.0172;0.0002;0.0677;Endodontia;365090
29;Espírito Santo;32;de 0 a 14 anos;1;0.1147;0.0486;0.0195;0.2099;Endodontia;741496
30;Espírito Santo;32;de 15 a 29 anos;2;0.1308;0.0491;0.0346;0.2269;Endodontia;811486
31;Espírito Santo;32;de 30 a 59 anos;3;0.0361;0.0199;-0.003;0.0752;Endodontia;1649332
32;Espírito Santo;32;60 anos e mais;4;0.0764;0.0461;-0.0139;0.1667;Endodontia;631398
33;Goiás;52;de 0 a 14 anos;1;0.1663;0.0596;0.0494;0.2832;Endodontia;1431289
34;Goiás;52;de 15 a 29 anos;2;0.163;0.03;0.1041;0.2219;Endodontia;1627589
35;Goiás;52;de 30 a 59 anos;3;0.1928;0.0693;0.0569;0.3287;Endodontia;3033200
36;Goiás;52;60 anos e mais;4;0.0116;0.0047;0.0025;0.0208;Endodontia;964417
37;Maranhão;21;de 0 a 14 anos;1;0.1479;0.0495;0.0508;0.245;Endodontia;1645580
38;Maranhão;21;de 15 a 29 anos;2;0.0653;0.0393;-0.0117;0.1424;Endodontia;1703431
39;Maranhão;21;de 30 a 59 anos;3;0.1646;0.0439;0.0787;0.2506;Endodontia;2605727
40;Maranhão;21;60 anos e mais;4;0.0535;0.0321;-0.0094;0.1164;Endodontia;821961
41;Mato Grosso;51;de 0 a 14 anos;1;0.2351;0.0671;0.1037;0.3665;Endodontia;829686
42;Mato Grosso;51;de 15 a 29 anos;2;0.3129;0.0698;0.1761;0.4498;Endodontia;864067
43;Mato Grosso;51;de 30 a 59 anos;3;0.1286;0.0262;0.0773;0.18;Endodontia;1534417
44;Mato Grosso;51;60 anos e mais;4;0.0241;0.0174;-0.0099;0.0582;Endodontia;430479
45;Mato Grosso do Sul;50;de 0 a 14 anos;1;0.0599;0.0223;0.0163;0.1036;Endodontia;606792
46;Mato Grosso do Sul;50;de 15 a 29 anos;2;0.1144;0.0314;0.0529;0.1759;Endodontia;621841
47;Mato Grosso do Sul;50;de 30 a 59 anos;3;0.0725;0.0263;0.021;0.1241;Endodontia;1137289
48;Mato Grosso do Sul;50;60 anos e mais;4;0.0603;0.0201;0.021;0.0996;Endodontia;391091
49;Minas Gerais;31;de 0 a 14 anos;1;0.1113;0.043;0.0269;0.1956;Endodontia;3707919
50;Minas Gerais;31;de 15 a 29 anos;2;0.0913;0.0342;0.0243;0.1583;Endodontia;4426257
51;Minas Gerais;31;de 30 a 59 anos;3;0.1572;0.0426;0.0737;0.2408;Endodontia;8745877
52;Minas Gerais;31;60 anos e mais;4;0.0243;0.0096;0.0056;0.0431;Endodontia;3659936
53;Paraná;41;de 0 a 14 anos;1;0.0833;0.0316;0.0215;0.1452;Endodontia;2195297
54;Paraná;41;de 15 a 29 anos;2;0.0694;0.03;0.0106;0.1283;Endodontia;2496695
55;Paraná;41;de 30 a 59 anos;3;0.0996;0.0415;0.0183;0.1809;Endodontia;4859268
56;Paraná;41;60 anos e mais;4;0.0121;0.0059;0.0006;0.0236;Endodontia;1893120
57;Paraíba;25;de 0 a 14 anos;1;0.0538;0.0163;0.0218;0.0857;Endodontia;826921
58;Paraíba;25;de 15 a 29 anos;2;0.0497;0.0255;-0.0003;0.0997;Endodontia;893666
59;Paraíba;25;de 30 a 59 anos;3;0.0929;0.0209;0.0519;0.1339;Endodontia;1638772
60;Paraíba;25;60 anos e mais;4;0.0422;0.0275;-0.0116;0.096;Endodontia;615328
61;Pará;15;de 0 a 14 anos;1;0.1358;0.0364;0.0644;0.2071;Endodontia;1990942
62;Pará;15;de 15 a 29 anos;2;0.1657;0.0852;-0.0012;0.3327;Endodontia;2100629
63;Pará;15;de 30 a 59 anos;3;0.0797;0.0178;0.0449;0.1145;Endodontia;3152228
64;Pará;15;60 anos e mais;4;0.0773;0.0561;-0.0326;0.1872;Endodontia;876332
65;Pernambuco;26;de 0 a 14 anos;1;0.115;0.0372;0.0422;0.1879;Endodontia;1894679
66;Pernambuco;26;de 15 a 29 anos;2;0.1777;0.086;0.0091;0.3463;Endodontia;2079231
67;Pernambuco;26;de 30 a 59 anos;3;0.179;0.0631;0.0553;0.3027;Endodontia;3752862
68;Pernambuco;26;60 anos e mais;4;0.0769;0.0554;-0.0316;0.1854;Endodontia;1332159
69;Piauí;22;de 0 a 14 anos;1;0.1713;0.049;0.0754;0.2673;Endodontia;681934
70;Piauí;22;de 15 a 29 anos;2;0.2379;0.0661;0.1083;0.3674;Endodontia;758510
71;Piauí;22;de 30 a 59 anos;3;0.0808;0.0307;0.0207;0.1409;Endodontia;1336856
72;Piauí;22;60 anos e mais;4;0.0309;0.019;-0.0064;0.0682;Endodontia;493899
73;Rio Grande do Norte;24;de 0 a 14 anos;1;0.2239;0.0744;0.078;0.3697;Endodontia;654658
74;Rio Grande do Norte;24;de 15 a 29 anos;2;0.2768;0.0953;0.0899;0.4637;Endodontia;755428
75;Rio Grande do Norte;24;de 30 a 59 anos;3;0.0578;0.0209;0.0168;0.0988;Endodontia;1394752
76;Rio Grande do Norte;24;60 anos e mais;4;0.037;0.017;0.0037;0.0703;Endodontia;497891
77;Rio Grande do Sul;43;de 0 a 14 anos;1;0.1285;0.0534;0.0238;0.2331;Endodontia;1906510
78;Rio Grande do Sul;43;de 15 a 29 anos;2;0.057;0.027;0.004;0.1099;Endodontia;2207936
79;Rio Grande do Sul;43;de 30 a 59 anos;3;0.1429;0.0539;0.0372;0.2485;Endodontia;4575103
80;Rio Grande do Sul;43;60 anos e mais;4;0.0408;0.0183;0.005;0.0767;Endodontia;2193416
81;Rio de Janeiro;33;de 0 a 14 anos;1;0.0817;0.0347;0.0138;0.1496;Endodontia;2856146
82;Rio de Janeiro;33;de 15 a 29 anos;2;0.0856;0.0321;0.0227;0.1484;Endodontia;3321915
83;Rio de Janeiro;33;de 30 a 59 anos;3;0.167;0.0471;0.0747;0.2594;Endodontia;6851484
84;Rio de Janeiro;33;60 anos e mais;4;0.0238;0.0068;0.0105;0.0372;Endodontia;3025629
85;Rondônia;11;de 0 a 14 anos;1;0.3174;0.069;0.1822;0.4527;Endodontia;348152
86;Rondônia;11;de 15 a 29 anos;2;0.1561;0.0377;0.0821;0.23;Endodontia;372629
87;Rondônia;11;de 30 a 59 anos;3;0.2059;0.107;-0.0039;0.4156;Endodontia;664369
88;Rondônia;11;60 anos e mais;4;0.0174;0.0132;-0.0084;0.0432;Endodontia;196046
89;Roraima;14;de 0 a 14 anos;1;0.1485;0.0261;0.0973;0.1996;Endodontia;186208
90;Roraima;14;de 15 a 29 anos;2;0.2485;0.0784;0.0949;0.4021;Endodontia;171286
91;Roraima;14;de 30 a 59 anos;3;0.1841;0.0338;0.1179;0.2503;Endodontia;228753
92;Roraima;14;60 anos e mais;4;0.0095;0.0064;-0.0029;0.022;Endodontia;50460
93;Santa Catarina;42;de 0 a 14 anos;1;0.0619;0.0254;0.0121;0.1117;Endodontia;1423210
94;Santa Catarina;42;de 15 a 29 anos;2;0.0797;0.0327;0.0156;0.1438;Endodontia;1678213
95;Santa Catarina;42;de 30 a 59 anos;3;0.0532;0.0181;0.0178;0.0887;Endodontia;3324545
96;Santa Catarina;42;60 anos e mais;4;0.0537;0.0251;0.0044;0.103;Endodontia;1184393
97;Sergipe;28;de 0 a 14 anos;1;0.2183;0.075;0.0713;0.3652;Endodontia;469501
98;Sergipe;28;de 15 a 29 anos;2;0.1489;0.0631;0.0252;0.2726;Endodontia;526722
99;Sergipe;28;de 30 a 59 anos;3;0.1069;0.047;0.0147;0.199;Endodontia;919172
100;Sergipe;28;60 anos e mais;4;0.0476;0.0232;0.0021;0.0931;Endodontia;294609
101;São Paulo;35;de 0 a 14 anos;1;0.0989;0.0328;0.0347;0.1631;Endodontia;7975163
102;São Paulo;35;de 15 a 29 anos;2;0.0489;0.0187;0.0123;0.0855;Endodontia;9374648
103;São Paulo;35;de 30 a 59 anos;3;0.1076;0.0522;0.0052;0.21;Endodontia;19410859
104;São Paulo;35;60 anos e mais;4;0.0549;0.0322;-0.0082;0.118;Endodontia;7650568
105;Tocantins;17;de 0 a 14 anos;1;0.1486;0.045;0.0604;0.2368;Endodontia;350986
106;Tocantins;17;de 15 a 29 anos;2;0.2777;0.097;0.0876;0.4679;Endodontia;366420
107;Tocantins;17;de 30 a 59 anos;3;0.1824;0.0899;0.0062;0.3585;Endodontia;605133
108;Tocantins;17;60 anos e mais;4;0.0203;0.0159;-0.0108;0.0515;Endodontia;188921
109;Acre;12;de 0 a 14 anos;1;2.3076;0.4591;1.4078;3.2075;APS;221160
110;Acre;12;de 15 a 29 anos;2;2.7126;0.6027;1.5313;3.8938;APS;224784
111;Acre;12;de 30 a 59 anos;3;2.9853;0.5099;1.9859;3.9847;APS;305658
112;Acre;12;60 anos e mais;4;1.1711;0.2584;0.6647;1.6776;APS;78416
113;Alagoas;27;de 0 a 14 anos;1;1.5866;0.4134;0.7763;2.3968;APS;711691
114;Alagoas;27;de 15 a 29 anos;2;2.2784;0.9238;0.4678;4.0889;APS;759755
115;Alagoas;27;de 30 a 59 anos;3;3.5244;0.715;2.123;4.9258;APS;1247016
116;Alagoas;27;60 anos e mais;4;1.6161;0.2871;1.0534;2.1789;APS;409221
117;Amapá;16;de 0 a 14 anos;1;2.124;0.2807;1.5738;2.6743;APS;198176
118;Amapá;16;de 15 a 29 anos;2;2.5288;0.3719;1.7998;3.2577;APS;200435
119;Amapá;16;de 30 a 59 anos;3;2.9771;0.4197;2.1546;3.7996;APS;273232
120;Amapá;16;60 anos e mais;4;1.374;0.2591;0.8662;1.8818;APS;61916
121;Amazonas;13;de 0 a 14 anos;1;2.248;0.2194;1.8179;2.6781;APS;1075426
122;Amazonas;13;de 15 a 29 anos;2;2.3998;0.3197;1.7732;3.0263;APS;1063019
123;Amazonas;13;de 30 a 59 anos;3;2.4429;0.2215;2.0088;2.877;APS;1446186
124;Amazonas;13;60 anos e mais;4;1.3614;0.1115;1.1428;1.58;APS;356982
125;Bahia;29;de 0 a 14 anos;1;1.4526;0.1904;1.0794;1.8258;APS;2863071
126;Bahia;29;de 15 a 29 anos;2;1.5088;0.2429;1.0327;1.9849;APS;3174682
127;Bahia;29;de 30 a 59 anos;3;2.4848;0.4025;1.6959;3.2737;APS;5944594
128;Bahia;29;60 anos e mais;4;1.7701;0.3656;1.0537;2.4866;APS;2159279
129;Ceará;23;de 0 a 14 anos;1;1.4454;0.2535;0.9485;1.9423;APS;1802435
130;Ceará;23;de 15 a 29 anos;2;2.6687;0.8437;1.0151;4.3222;APS;2070180
131;Ceará;23;de 30 a 59 anos;3;3.3292;0.4197;2.5067;4.1517;APS;3631809
132;Ceará;23;60 anos e mais;4;1.7417;0.225;1.3007;2.1828;APS;1290533
133;Distrito Federal;53;de 0 a 14 anos;1;0.7787;0.0803;0.6214;0.936;APS;534233
134;Distrito Federal;53;de 15 a 29 anos;2;0.8517;0.1653;0.5277;1.1756;APS;660674
135;Distrito Federal;53;de 30 a 59 anos;3;1.8396;0.1992;1.4491;2.2301;APS;1257384
136;Distrito Federal;53;60 anos e mais;4;1.108;0.1675;0.7797;1.4362;APS;365090
137;Espírito Santo;32;de 0 a 14 anos;1;1.4034;0.2606;0.8926;1.9142;APS;741496
138;Espírito Santo;32;de 15 a 29 anos;2;1.4002;0.3511;0.712;2.0884;APS;811486
139;Espírito Santo;32;de 30 a 59 anos;3;1.9053;0.3872;1.1463;2.6642;APS;1649332
140;Espírito Santo;32;60 anos e mais;4;1.3252;0.1984;0.9363;1.7141;APS;631398
141;Goiás;52;de 0 a 14 anos;1;2.1421;0.381;1.3955;2.8888;APS;1431289
142;Goiás;52;de 15 a 29 anos;2;2.5141;0.3668;1.7953;3.2329;APS;1627589
143;Goiás;52;de 30 a 59 anos;3;2.7598;0.6104;1.5635;3.9561;APS;3033200
144;Goiás;52;60 anos e mais;4;0.9788;0.2133;0.5607;1.3969;APS;964417
145;Maranhão;21;de 0 a 14 anos;1;1.4565;0.2734;0.9207;1.9924;APS;1645580
146;Maranhão;21;de 15 a 29 anos;2;1.5326;0.3248;0.896;2.1693;APS;1703431
147;Maranhão;21;de 30 a 59 anos;3;1.9242;0.4139;1.1131;2.7354;APS;2605727
148;Maranhão;21;60 anos e mais;4;1.6425;0.3359;0.9842;2.3009;APS;821961
149;Mato Grosso;51;de 0 a 14 anos;1;2.0809;0.2799;1.5322;2.6296;APS;829686
150;Mato Grosso;51;de 15 a 29 anos;2;3.0897;0.449;2.2098;3.9697;APS;864067
151;Mato Grosso;51;de 30 a 59 anos;3;2.6896;0.3355;2.0321;3.3472;APS;1534417
152;Mato Grosso;51;60 anos e mais;4;1.5148;0.2803;0.9654;2.0642;APS;430479
153;Mato Grosso do Sul;50;de 0 a 14 anos;1;1.1643;0.17;0.831;1.4975;APS;606792
154;Mato Grosso do Sul;50;de 15 a 29 anos;2;1.9507;0.3076;1.3479;2.5536;APS;621841
155;Mato Grosso do Sul;50;de 30 a 59 anos;3;2.4128;0.3205;1.7847;3.041;APS;1137289
156;Mato Grosso do Sul;50;60 anos e mais;4;1.3512;0.2247;0.9108;1.7916;APS;391091
157;Minas Gerais;31;de 0 a 14 anos;1;1.0859;0.1834;0.7263;1.4454;APS;3707919
158;Minas Gerais;31;de 15 a 29 anos;2;1.5393;0.2364;1.0759;2.0028;APS;4426257
159;Minas Gerais;31;de 30 a 59 anos;3;1.4596;0.2541;0.9616;1.9575;APS;8745877
160;Minas Gerais;31;60 anos e mais;4;0.9907;0.1875;0.6231;1.3583;APS;3659936
161;Paraná;41;de 0 a 14 anos;1;0.8962;0.1362;0.6293;1.163;APS;2195297
162;Paraná;41;de 15 a 29 anos;2;1.2198;0.259;0.7122;1.7274;APS;2496695
163;Paraná;41;de 30 a 59 anos;3;1.6691;0.2158;1.2462;2.092;APS;4859268
164;Paraná;41;60 anos e mais;4;0.7931;0.1248;0.5485;1.0378;APS;1893120
165;Paraíba;25;de 0 a 14 anos;1;1.8702;0.2416;1.3966;2.3437;APS;826921
166;Paraíba;25;de 15 a 29 anos;2;2.3203;0.5533;1.236;3.4047;APS;893666
167;Paraíba;25;de 30 a 59 anos;3;2.5935;0.3244;1.9577;3.2293;APS;1638772
168;Paraíba;25;60 anos e mais;4;1.3697;0.2234;0.9319;1.8075;APS;615328
169;Pará;15;de 0 a 14 anos;1;1.8648;0.259;1.3572;2.3724;APS;1990942
170;Pará;15;de 15 a 29 anos;2;2.5956;0.4925;1.6305;3.5608;APS;2100629
171;Pará;15;de 30 a 59 anos;3;3.7884;0.8415;2.1392;5.4376;APS;3152228
172;Pará;15;60 anos e mais;4;1.5176;0.2279;1.071;1.9642;APS;876332
173;Pernambuco;26;de 0 a 14 anos;1;1.6627;0.2376;1.197;2.1284;APS;1894679
174;Pernambuco;26;de 15 a 29 anos;2;1.8817;0.3445;1.2064;2.557;APS;2079231
175;Pernambuco;26;de 30 a 59 anos;3;2.1375;0.3049;1.5398;2.7351;APS;3752862
176;Pernambuco;26;60 anos e mais;4;1.3926;0.1537;1.0914;1.6938;APS;1332159
177;Piauí;22;de 0 a 14 anos;1;2.1078;0.2508;1.6163;2.5993;APS;681934
178;Piauí;22;de 15 a 29 anos;2;2.5172;0.3728;1.7866;3.2479;APS;758510
179;Piauí;22;de 30 a 59 anos;3;2.841;0.5169;1.8279;3.8541;APS;1336856
180;Piauí;22;60 anos e mais;4;1.1879;0.3152;0.5701;1.8056;APS;493899
181;Rio Grande do Norte;24;de 0 a 14 anos;1;2.3034;0.5965;1.1343;3.4724;APS;654658
182;Rio Grande do Norte;24;de 15 a 29 anos;2;2.8676;0.5837;1.7235;4.0116;APS;755428
183;Rio Grande do Norte;24;de 30 a 59 anos;3;3.1904;0.1548;2.887;3.4937;APS;1394752
184;Rio Grande do Norte;24;60 anos e mais;4;1.4967;0.3198;0.87;2.1234;APS;497891
185;Rio Grande do Sul;43;de 0 a 14 anos;1;1.5741;0.2265;1.1302;2.018;APS;1906510
186;Rio Grande do Sul;43;de 15 a 29 anos;2;1.3998;0.18;1.0469;1.7527;APS;2207936
187;Rio Grande do Sul;43;de 30 a 59 anos;3;1.9216;0.3974;1.1427;2.7005;APS;4575103
188;Rio Grande do Sul;43;60 anos e mais;4;1.2654;0.1459;0.9795;1.5513;APS;2193416
189;Rio de Janeiro;33;de 0 a 14 anos;1;1.1103;0.172;0.7733;1.4473;APS;2856146
190;Rio de Janeiro;33;de 15 a 29 anos;2;1.4686;0.1449;1.1846;1.7526;APS;3321915
191;Rio de Janeiro;33;de 30 a 59 anos;3;2.742;0.2785;2.196;3.2879;APS;6851484
192;Rio de Janeiro;33;60 anos e mais;4;1.6282;0.181;1.2734;1.983;APS;3025629
193;Rondônia;11;de 0 a 14 anos;1;1.5738;0.2444;1.0947;2.0529;APS;348152
194;Rondônia;11;de 15 a 29 anos;2;2.0262;0.4041;1.2342;2.8183;APS;372629
195;Rondônia;11;de 30 a 59 anos;3;2.9869;0.2979;2.4029;3.5709;APS;664369
196;Rondônia;11;60 anos e mais;4;0.9718;0.1509;0.676;1.2676;APS;196046
197;Roraima;14;de 0 a 14 anos;1;2.8745;0.4163;2.0586;3.6904;APS;186208
198;Roraima;14;de 15 a 29 anos;2;3.3833;0.5347;2.3354;4.4313;APS;171286
199;Roraima;14;de 30 a 59 anos;3;3.6186;0.6104;2.4223;4.8149;APS;228753
200;Roraima;14;60 anos e mais;4;1.8573;0.3647;1.1426;2.5721;APS;50460
201;Santa Catarina;42;de 0 a 14 anos;1;0.7709;0.1746;0.4288;1.113;APS;1423210
202;Santa Catarina;42;de 15 a 29 anos;2;0.6833;0.1028;0.4818;0.8848;APS;1678213
203;Santa Catarina;42;de 30 a 59 anos;3;1.3942;0.2504;0.9034;1.8849;APS;3324545
204;Santa Catarina;42;60 anos e mais;4;0.8389;0.1053;0.6324;1.0453;APS;1184393
205;Sergipe;28;de 0 a 14 anos;1;1.8447;0.151;1.5487;2.1406;APS;469501
206;Sergipe;28;de 15 a 29 anos;2;2.1454;0.2836;1.5897;2.7012;APS;526722
207;Sergipe;28;de 30 a 59 anos;3;2.6343;0.2689;2.1073;3.1614;APS;919172
208;Sergipe;28;60 anos e mais;4;1.2718;0.1728;0.9332;1.6105;APS;294609
209;São Paulo;35;de 0 a 14 anos;1;1.0673;0.2898;0.4992;1.6353;APS;7975163
210;São Paulo;35;de 15 a 29 anos;2;1.1835;0.2388;0.7154;1.6516;APS;9374648
211;São Paulo;35;de 30 a 59 anos;3;2.5201;0.2666;1.9977;3.0426;APS;19410859
212;São Paulo;35;60 anos e mais;4;1.6568;0.3503;0.9702;2.3434;APS;7650568
213;Tocantins;17;de 0 a 14 anos;1;1.8741;0.2767;1.3317;2.4164;APS;350986
214;Tocantins;17;de 15 a 29 anos;2;2.9289;0.3486;2.2457;3.6121;APS;366420
215;Tocantins;17;de 30 a 59 anos;3;2.824;0.5148;1.8151;3.8329;APS;605133
216;Tocantins;17;60 anos e mais;4;1.3868;0.2608;0.8756;1.898;APS;188921
217;Acre;12;de 0 a 14 anos;1;0.0;0.0;0.0;0.0;Periodontia;221160
218;Acre;12;de 15 a 29 anos;2;0.0;0.0;0.0;0.0;Periodontia;224784
219;Acre;12;de 30 a 59 anos;3;0.0;0.0;0.0;0.0;Periodontia;305658
220;Acre;12;60 anos e mais;4;0.0163;0.0147;-0.0125;0.0451;Periodontia;78416
221;Alagoas;27;de 0 a 14 anos;1;0.0;0.0;0.0;0.0;Periodontia;711691
222;Alagoas;27;de 15 a 29 anos;2;0.0004;0.0004;-0.0004;0.0012;Periodontia;759755
223;Alagoas;27;de 30 a 59 anos;3;0.0054;0.0029;-0.0002;0.011;Periodontia;1247016
224;Alagoas;27;60 anos e mais;4;0.0426;0.0397;-0.0351;0.1203;Periodontia;409221
225;Amapá;16;de 0 a 14 anos;1;0.0;0.0;0.0;0.0;Periodontia;198176
226;Amapá;16;de 15 a 29 anos;2;0.0;0.0;0.0;0.0;Periodontia;200435
227;Amapá;16;de 30 a 59 anos;3;0.0088;0.0069;-0.0048;0.0224;Periodontia;273232
228;Amapá;16;60 anos e mais;4;0.0;0.0;0.0;0.0;Periodontia;61916
229;Amazonas;13;de 0 a 14 anos;1;0.0;0.0;0.0;0.0;Periodontia;1075426
230;Amazonas;13;de 15 a 29 anos;2;0.0025;0.0025;-0.0024;0.0074;Periodontia;1063019
231;Amazonas;13;de 30 a 59 anos;3;0.014;0.0077;-0.0011;0.0292;Periodontia;1446186
232;Amazonas;13;60 anos e mais;4;0.029;0.0124;0.0048;0.0532;Periodontia;356982
233;Bahia;29;de 0 a 14 anos;1;0.0;0.0;0.0;0.0;Periodontia;2863071
234;Bahia;29;de 15 a 29 anos;2;0.0;0.0;0.0;0.0;Periodontia;3174682
235;Bahia;29;de 30 a 59 anos;3;0.0329;0.0148;0.0039;0.062;Periodontia;5944594
236;Bahia;29;60 anos e mais;4;0.0378;0.0128;0.0126;0.0629;Periodontia;2159279
237;Ceará;23;de 0 a 14 anos;1;0.0;0.0;0.0;0.0;Periodontia;1802435
238;Ceará;23;de 15 a 29 anos;2;0.0067;0.0066;-0.0063;0.0196;Periodontia;2070180
239;Ceará;23;de 30 a 59 anos;3;0.0229;0.0143;-0.0051;0.0509;Periodontia;3631809
240;Ceará;23;60 anos e mais;4;0.0076;0.0038;0.0002;0.015;Periodontia;1290533
241;Distrito Federal;53;de 0 a 14 anos;1;0.0;0.0;0.0;0.0;Periodontia;534233
242;Distrito Federal;53;de 15 a 29 anos;2;0.0;0.0;0.0;0.0;Periodontia;660674
243;Distrito Federal;53;de 30 a 59 anos;3;0.0988;0.0351;0.03;0.1676;Periodontia;1257384
244;Distrito Federal;53;60 anos e mais;4;0.0337;0.015;0.0042;0.0631;Periodontia;365090
245;Espírito Santo;32;de 0 a 14 anos;1;0.0;0.0;0.0;0.0;Periodontia;741496
246;Espírito Santo;32;de 15 a 29 anos;2;0.0072;0.0062;-0.0049;0.0193;Periodontia;811486
247;Espírito Santo;32;de 30 a 59 anos;3;0.0074;0.0035;0.0005;0.0143;Periodontia;1649332
248;Espírito Santo;32;60 anos e mais;4;0.0069;0.0044;-0.0017;0.0156;Periodontia;631398
249;Goiás;52;de 0 a 14 anos;1;0.0;0.0;0.0;0.0;Periodontia;1431289
250;Goiás;52;de 15 a 29 anos;2;0.0358;0.034;-0.0307;0.1024;Periodontia;1627589
251;Goiás;52;de 30 a 59 anos;3;0.0126;0.0084;-0.0038;0.029;Periodontia;3033200
252;Goiás;52;60 anos e mais;4;0.1018;0.0368;0.0296;0.174;Periodontia;964417
253;Maranhão;21;de 0 a 14 anos;1;0.0;0.0;0.0;0.0;Periodontia;1645580
254;Maranhão;21;de 15 a 29 anos;2;0.0;0.0;0.0;0.0;Periodontia;1703431
255;Maranhão;21;de 30 a 59 anos;3;0.0252;0.0247;-0.0232;0.0736;Periodontia;2605727
256;Maranhão;21;60 anos e mais;4;0.0337;0.0231;-0.0115;0.0789;Periodontia;821961
257;Mato Grosso;51;de 0 a 14 anos;1;0.0;0.0;0.0;0.0;Periodontia;829686
258;Mato Grosso;51;de 15 a 29 anos;2;0.0261;0.0173;-0.0079;0.06;Periodontia;864067
259;Mato Grosso;51;de 30 a 59 anos;3;0.064;0.0367;-0.0078;0.1359;Periodontia;1534417
260;Mato Grosso;51;60 anos e mais;4;0.02;0.0098;0.0007;0.0392;Periodontia;430479
261;Mato Grosso do Sul;50;de 0 a 14 anos;1;0.0;0.0;0.0;0.0;Periodontia;606792
262;Mato Grosso do Sul;50;de 15 a 29 anos;2;0.0;0.0;0.0;0.0;Periodontia;621841
263;Mato Grosso do Sul;50;de 30 a 59 anos;3;0.0328;0.0158;0.0018;0.0637;Periodontia;1137289
264;Mato Grosso do Sul;50;60 anos e mais;4;0.0195;0.0115;-0.0031;0.0421;Periodontia;391091
265;Minas Gerais;31;de 0 a 14 anos;1;0.0;0.0;0.0;0.0;Periodontia;3707919
266;Minas Gerais;31;de 15 a 29 anos;2;0.0003;0.0003;-0.0003;0.001;Periodontia;4426257
267;Minas Gerais;31;de 30 a 59 anos;3;0.0224;0.0143;-0.0056;0.0503;Periodontia;8745877
268;Minas Gerais;31;60 anos e mais;4;0.0096;0.0059;-0.002;0.0213;Periodontia;3659936
269;Paraná;41;de 0 a 14 anos;1;0.0;0.0;0.0;0.0;Periodontia;2195297
270;Paraná;41;de 15 a 29 anos;2;0.0066;0.0065;-0.0062;0.0194;Periodontia;2496695
271;Paraná;41;de 30 a 59 anos;3;0.0587;0.0326;-0.0051;0.1225;Periodontia;4859268
272;Paraná;41;60 anos e mais;4;0.0283;0.0119;0.0049;0.0516;Periodontia;1893120
273;Paraíba;25;de 0 a 14 anos;1;0.0;0.0;0.0;0.0;Periodontia;826921
274;Paraíba;25;de 15 a 29 anos;2;0.0012;0.0012;-0.0012;0.0035;Periodontia;893666
275;Paraíba;25;de 30 a 59 anos;3;0.0445;0.0266;-0.0076;0.0967;Periodontia;1638772
276;Paraíba;25;60 anos e mais;4;0.01;0.0081;-0.0059;0.0258;Periodontia;615328
277;Pará;15;de 0 a 14 anos;1;0.0;0.0;0.0;0.0;Periodontia;1990942
278;Pará;15;de 15 a 29 anos;2;0.0515;0.0418;-0.0305;0.1335;Periodontia;2100629
279;Pará;15;de 30 a 59 anos;3;0.0376;0.024;-0.0095;0.0846;Periodontia;3152228
280;Pará;15;60 anos e mais;4;0.0407;0.0308;-0.0196;0.101;Periodontia;876332
281;Pernambuco;26;de 0 a 14 anos;1;0.0;0.0;0.0;0.0;Periodontia;1894679
282;Pernambuco;26;de 15 a 29 anos;2;0.0004;0.0004;-0.0004;0.0011;Periodontia;2079231
283;Pernambuco;26;de 30 a 59 anos;3;0.0052;0.0027;0.0;0.0104;Periodontia;3752862
284;Pernambuco;26;60 anos e mais;4;0.0279;0.0143;0.0;0.0559;Periodontia;1332159
285;Piauí;22;de 0 a 14 anos;1;0.0;0.0;0.0;0.0;Periodontia;681934
286;Piauí;22;de 15 a 29 anos;2;0.0;0.0;0.0;0.0;Periodontia;758510
287;Piauí;22;de 30 a 59 anos;3;0.0219;0.0103;0.0018;0.042;Periodontia;1336856
288;Piauí;22;60 anos e mais;4;0.0307;0.0134;0.0044;0.0569;Periodontia;493899
289;Rio Grande do Norte;24;de 0 a 14 anos;1;0.0;0.0;0.0;0.0;Periodontia;654658
290;Rio Grande do Norte;24;de 15 a 29 anos;2;0.0025;0.0019;-0.0012;0.0062;Periodontia;755428
291;Rio Grande do Norte;24;de 30 a 59 anos;3;0.0067;0.003;0.0008;0.0127;Periodontia;1394752
292;Rio Grande do Norte;24;60 anos e mais;4;0.0097;0.0055;-0.0011;0.0205;Periodontia;497891
293;Rio Grande do Sul;43;de 0 a 14 anos;1;0.0;0.0;0.0;0.0;Periodontia;1906510
294;Rio Grande do Sul;43;de 15 a 29 anos;2;0.0;0.0;0.0;0.0;Periodontia;2207936
295;Rio Grande do Sul;43;de 30 a 59 anos;3;0.0025;0.0012;0.0;0.0049;Periodontia;4575103
296;Rio Grande do Sul;43;60 anos e mais;4;0.0638;0.0203;0.0241;0.1036;Periodontia;2193416
297;Rio de Janeiro;33;de 0 a 14 anos;1;0.0;0.0;0.0;0.0;Periodontia;2856146
298;Rio de Janeiro;33;de 15 a 29 anos;2;0.0039;0.0027;-0.0013;0.0091;Periodontia;3321915
299;Rio de Janeiro;33;de 30 a 59 anos;3;0.0733;0.0288;0.0168;0.1298;Periodontia;6851484
300;Rio de Janeiro;33;60 anos e mais;4;0.0592;0.0239;0.0123;0.106;Periodontia;3025629
301;Rondônia;11;de 0 a 14 anos;1;0.0;0.0;0.0;0.0;Periodontia;348152
302;Rondônia;11;de 15 a 29 anos;2;0.0;0.0;0.0;0.0;Periodontia;372629
303;Rondônia;11;de 30 a 59 anos;3;0.0;0.0;0.0;0.0;Periodontia;664369
304;Rondônia;11;60 anos e mais;4;0.0068;0.0047;-0.0023;0.016;Periodontia;196046
305;Roraima;14;de 0 a 14 anos;1;0.0;0.0;0.0;0.0;Periodontia;186208
306;Roraima;14;de 15 a 29 anos;2;0.0;0.0;0.0;0.0;Periodontia;171286
307;Roraima;14;de 30 a 59 anos;3;0.0082;0.0055;-0.0025;0.0189;Periodontia;228753
308;Roraima;14;60 anos e mais;4;0.0139;0.0082;-0.0023;0.03;Periodontia;50460
309;Santa Catarina;42;de 0 a 14 anos;1;0.0;0.0;0.0;0.0;Periodontia;1423210
310;Santa Catarina;42;de 15 a 29 anos;2;0.0;0.0;0.0;0.0;Periodontia;1678213
311;Santa Catarina;42;de 30 a 59 anos;3;0.1184;0.0722;-0.0231;0.2598;Periodontia;3324545
312;Santa Catarina;42;60 anos e mais;4;0.017;0.0091;-0.0009;0.0349;Periodontia;1184393
313;Sergipe;28;de 0 a 14 anos;1;0.0;0.0;0.0;0.0;Periodontia;469501
314;Sergipe;28;de 15 a 29 anos;2;0.0092;0.0093;-0.009;0.0273;Periodontia;526722
315;Sergipe;28;de 30 a 59 anos;3;0.0769;0.0318;0.0146;0.1392;Periodontia;919172
316;Sergipe;28;60 anos e mais;4;0.0747;0.034;0.008;0.1414;Periodontia;294609
317;São Paulo;35;de 0 a 14 anos;1;0.0;0.0;0.0;0.0;Periodontia;7975163
318;São Paulo;35;de 15 a 29 anos;2;0.0039;0.0039;-0.0038;0.0116;Periodontia;9374648
319;São Paulo;35;de 30 a 59 anos;3;0.1406;0.0787;-0.0137;0.2948;Periodontia;19410859
320;São Paulo;35;60 anos e mais;4;0.0622;0.0372;-0.0107;0.1351;Periodontia;7650568
321;Tocantins;17;de 0 a 14 anos;1;0.0;0.0;0.0;0.0;Periodontia;350986
322;Tocantins;17;de 15 a 29 anos;2;0.0234;0.0196;-0.0149;0.0617;Periodontia;366420
323;Tocantins;17;de 30 a 59 anos;3;0.0227;0.0185;-0.0136;0.0591;Periodontia;605133
324;Tocantins;17;60 anos e mais;4;0.019;0.0159;-0.0122;0.0501;Periodontia;188921
325;Acre;12;de 15 a 29 anos;2;0.1435;0.0507;0.0441;0.2428;Prótese;224784
326;Acre;12;de 30 a 59 anos;3;0.9493;0.0808;0.791;1.1075;Prótese;305658
327;Acre;12;60 anos e mais;4;1.5722;0.0683;1.4384;1.7061;Prótese;78416
328;Acre;12;de 0 a 14 anos;1;0.0;0.0;0.0;0.0;Prótese;221160
329;Alagoas;27;de 15 a 29 anos;2;0.274;0.0733;0.1304;0.4176;Prótese;759755
330;Alagoas;27;de 30 a 59 anos;3;1.0876;0.1001;0.8914;1.2838;Prótese;1247016
331;Alagoas;27;60 anos e mais;4;1.5272;0.0813;1.3678;1.6866;Prótese;409221
332;Alagoas;27;de 0 a 14 anos;1;0.0;0.0;0.0;0.0;Prótese;711691
333;Amapá;16;de 15 a 29 anos;2;0.2375;0.046;0.1474;0.3275;Prótese;200435
334;Amapá;16;de 30 a 59 anos;3;0.9187;0.1246;0.6744;1.163;Prótese;273232
335;Amapá;16;60 anos e mais;4;1.4029;0.091;1.2244;1.5813;Prótese;61916
336;Amapá;16;de 0 a 14 anos;1;0.0;0.0;0.0;0.0;Prótese;198176
337;Amazonas;13;de 15 a 29 anos;2;0.2627;0.0501;0.1645;0.3609;Prótese;1063019
338;Amazonas;13;de 30 a 59 anos;3;1.23;0.0648;1.1031;1.3569;Prótese;1446186
339;Amazonas;13;60 anos e mais;4;1.3573;0.0971;1.167;1.5475;Prótese;356982
340;Amazonas;13;de 0 a 14 anos;1;0.0;0.0;0.0;0.0;Prótese;1075426
341;Bahia;29;de 15 a 29 anos;2;0.1781;0.0418;0.0962;0.2599;Prótese;3174682
342;Bahia;29;de 30 a 59 anos;3;0.9754;0.1202;0.7398;1.2111;Prótese;5944594
343;Bahia;29;60 anos e mais;4;1.6317;0.0692;1.4961;1.7672;Prótese;2159279
344;Bahia;29;de 0 a 14 anos;1;0.0;0.0;0.0;0.0;Prótese;2863071
345;Ceará;23;de 15 a 29 anos;2;0.1492;0.044;0.063;0.2353;Prótese;2070180
346;Ceará;23;de 30 a 59 anos;3;1.025;0.1473;0.7362;1.3137;Prótese;3631809
347;Ceará;23;60 anos e mais;4;1.6588;0.0767;1.5084;1.8091;Prótese;1290533
348;Ceará;23;de 0 a 14 anos;1;0.0;0.0;0.0;0.0;Prótese;1802435
349;Distrito Federal;53;de 15 a 29 anos;2;0.0861;0.0311;0.0251;0.1471;Prótese;660674
350;Distrito Federal;53;de 30 a 59 anos;3;0.6831;0.0753;0.5355;0.8308;Prótese;1257384
351;Distrito Federal;53;60 anos e mais;4;1.2926;0.0913;1.1136;1.4717;Prótese;365090
352;Distrito Federal;53;de 0 a 14 anos;1;0.0;0.0;0.0;0.0;Prótese;534233
353;Espírito Santo;32;de 15 a 29 anos;2;0.0245;0.0145;-0.0039;0.053;Prótese;811486
354;Espírito Santo;32;de 30 a 59 anos;3;0.5713;0.1219;0.3323;0.8102;Prótese;1649332
355;Espírito Santo;32;60 anos e mais;4;1.3849;0.1406;1.1093;1.6605;Prótese;631398
356;Espírito Santo;32;de 0 a 14 anos;1;0.0;0.0;0.0;0.0;Prótese;741496
357;Goiás;52;de 15 a 29 anos;2;0.1827;0.0572;0.0706;0.2948;Prótese;1627589
358;Goiás;52;de 30 a 59 anos;3;0.7773;0.0691;0.6419;0.9126;Prótese;3033200
359;Goiás;52;60 anos e mais;4;1.3793;0.1151;1.1537;1.6048;Prótese;964417
360;Goiás;52;de 0 a 14 anos;1;0.0;0.0;0.0;0.0;Prótese;1431289
361;Maranhão;21;de 15 a 29 anos;2;0.1937;0.0674;0.0615;0.3258;Prótese;1703431
362;Maranhão;21;de 30 a 59 anos;3;0.8431;0.0952;0.6565;1.0297;Prótese;2605727
363;Maranhão;21;60 anos e mais;4;1.5466;0.1517;1.2493;1.8439;Prótese;821961
364;Maranhão;21;de 0 a 14 anos;1;0.0;0.0;0.0;0.0;Prótese;1645580
365;Mato Grosso;51;de 15 a 29 anos;2;0.1269;0.0346;0.0591;0.1947;Prótese;864067
366;Mato Grosso;51;de 30 a 59 anos;3;0.8237;0.0766;0.6736;0.9737;Prótese;1534417
367;Mato Grosso;51;60 anos e mais;4;1.4578;0.1067;1.2486;1.667;Prótese;430479
368;Mato Grosso;51;de 0 a 14 anos;1;0.0;0.0;0.0;0.0;Prótese;829686
369;Mato Grosso do Sul;50;de 15 a 29 anos;2;0.0813;0.0308;0.0209;0.1417;Prótese;621841
370;Mato Grosso do Sul;50;de 30 a 59 anos;3;0.7043;0.087;0.5339;0.8747;Prótese;1137289
371;Mato Grosso do Sul;50;60 anos e mais;4;1.5709;0.0639;1.4455;1.6962;Prótese;391091
372;Mato Grosso do Sul;50;de 0 a 14 anos;1;0.0;0.0;0.0;0.0;Prótese;606792
373;Minas Gerais;31;de 15 a 29 anos;2;0.0327;0.0181;-0.0027;0.0681;Prótese;4426257
374;Minas Gerais;31;de 30 a 59 anos;3;0.6216;0.1159;0.3944;0.8488;Prótese;8745877
375;Minas Gerais;31;60 anos e mais;4;1.3228;0.0921;1.1422;1.5034;Prótese;3659936
376;Minas Gerais;31;de 0 a 14 anos;1;0.0;0.0;0.0;0.0;Prótese;3707919
377;Paraná;41;de 15 a 29 anos;2;0.0563;0.0294;-0.0014;0.114;Prótese;2496695
378;Paraná;41;de 30 a 59 anos;3;0.5511;0.1007;0.3537;0.7485;Prótese;4859268
379;Paraná;41;60 anos e mais;4;1.0074;0.0973;0.8167;1.198;Prótese;1893120
380;Paraná;41;de 0 a 14 anos;1;0.0;0.0;0.0;0.0;Prótese;2195297
381;Paraíba;25;de 15 a 29 anos;2;0.0721;0.028;0.0172;0.127;Prótese;893666
382;Paraíba;25;de 30 a 59 anos;3;1.0851;0.1038;0.8817;1.2885;Prótese;1638772
383;Paraíba;25;60 anos e mais;4;1.7641;0.1041;1.5601;1.968;Prótese;615328
384;Paraíba;25;de 0 a 14 anos;1;0.0;0.0;0.0;0.0;Prótese;826921
385;Pará;15;de 15 a 29 anos;2;0.1805;0.0599;0.0631;0.2979;Prótese;2100629
386;Pará;15;de 30 a 59 anos;3;1.1421;0.0813;0.9827;1.3015;Prótese;3152228
387;Pará;15;60 anos e mais;4;1.5928;0.0859;1.4244;1.7612;Prótese;876332
388;Pará;15;de 0 a 14 anos;1;0.0;0.0;0.0;0.0;Prótese;1990942
389;Pernambuco;26;de 15 a 29 anos;2;0.1291;0.0712;-0.0104;0.2687;Prótese;2079231
390;Pernambuco;26;de 30 a 59 anos;3;1.1899;0.0913;1.011;1.3688;Prótese;3752862
391;Pernambuco;26;60 anos e mais;4;1.7015;0.1199;1.4665;1.9364;Prótese;1332159
392;Pernambuco;26;de 0 a 14 anos;1;0.0;0.0;0.0;0.0;Prótese;1894679
393;Piauí;22;de 15 a 29 anos;2;0.1854;0.0312;0.1242;0.2466;Prótese;758510
394;Piauí;22;de 30 a 59 anos;3;0.8989;0.1111;0.6811;1.1167;Prótese;1336856
395;Piauí;22;60 anos e mais;4;1.5093;0.0804;1.3517;1.6668;Prótese;493899
396;Piauí;22;de 0 a 14 anos;1;0.0;0.0;0.0;0.0;Prótese;681934
397;Rio Grande do Norte;24;de 15 a 29 anos;2;0.3248;0.107;0.115;0.5346;Prótese;755428
398;Rio Grande do Norte;24;de 30 a 59 anos;3;0.9652;0.2693;0.4373;1.4931;Prótese;1394752
399;Rio Grande do Norte;24;60 anos e mais;4;1.7872;0.0874;1.616;1.9585;Prótese;497891
400;Rio Grande do Norte;24;de 0 a 14 anos;1;0.0;0.0;0.0;0.0;Prótese;654658
401;Rio Grande do Sul;43;de 15 a 29 anos;2;0.0866;0.0344;0.0191;0.154;Prótese;2207936
402;Rio Grande do Sul;43;de 30 a 59 anos;3;0.7944;0.1319;0.5359;1.0528;Prótese;4575103
403;Rio Grande do Sul;43;60 anos e mais;4;1.2274;0.0822;1.0664;1.3884;Prótese;2193416
404;Rio Grande do Sul;43;de 0 a 14 anos;1;0.0;0.0;0.0;0.0;Prótese;1906510
405;Rio de Janeiro;33;de 15 a 29 anos;2;0.063;0.0194;0.025;0.1009;Prótese;3321915
406;Rio de Janeiro;33;de 30 a 59 anos;3;0.7885;0.084;0.6239;0.9531;Prótese;6851484
407;Rio de Janeiro;33;60 anos e mais;4;1.438;0.0828;1.2758;1.6002;Prótese;3025629
408;Rio de Janeiro;33;de 0 a 14 anos;1;0.0;0.0;0.0;0.0;Prótese;2856146
409;Rondônia;11;de 15 a 29 anos;2;0.1248;0.0227;0.0803;0.1693;Prótese;372629
410;Rondônia;11;de 30 a 59 anos;3;1.0676;0.0979;0.8758;1.2594;Prótese;664369
411;Rondônia;11;60 anos e mais;4;1.2677;0.0906;1.0901;1.4452;Prótese;196046
412;Rondônia;11;de 0 a 14 anos;1;0.0;0.0;0.0;0.0;Prótese;348152
413;Roraima;14;de 15 a 29 anos;2;0.2295;0.0306;0.1696;0.2895;Prótese;171286
414;Roraima;14;de 30 a 59 anos;3;1.04;0.0662;0.9102;1.1698;Prótese;228753
415;Roraima;14;60 anos e mais;4;1.589;0.0596;1.4723;1.7058;Prótese;50460
416;Roraima;14;de 0 a 14 anos;1;0.0;0.0;0.0;0.0;Prótese;186208
417;Santa Catarina;42;de 15 a 29 anos;2;0.0471;0.0264;-0.0048;0.0989;Prótese;1678213
418;Santa Catarina;42;de 30 a 59 anos;3;0.617;0.1429;0.337;0.897;Prótese;3324545
419;Santa Catarina;42;60 anos e mais;4;1.1843;0.1149;0.959;1.4096;Prótese;1184393
420;Santa Catarina;42;de 0 a 14 anos;1;0.0;0.0;0.0;0.0;Prótese;1423210
421;Sergipe;28;de 15 a 29 anos;2;0.0584;0.0211;0.017;0.0998;Prótese;526722
422;Sergipe;28;de 30 a 59 anos;3;1.0105;0.0935;0.8272;1.1937;Prótese;919172
423;Sergipe;28;60 anos e mais;4;1.8244;0.0793;1.669;1.9799;Prótese;294609
424;Sergipe;28;de 0 a 14 anos;1;0.0;0.0;0.0;0.0;Prótese;469501
425;São Paulo;35;de 15 a 29 anos;2;0.0881;0.0536;-0.0169;0.1931;Prótese;9374648
426;São Paulo;35;de 30 a 59 anos;3;0.7327;0.066;0.6034;0.862;Prótese;19410859
427;São Paulo;35;60 anos e mais;4;1.3385;0.097;1.1484;1.5286;Prótese;7650568
428;São Paulo;35;de 0 a 14 anos;1;0.0;0.0;0.0;0.0;Prótese;7975163
429;Tocantins;17;de 15 a 29 anos;2;0.249;0.0967;0.0595;0.4385;Prótese;366420
430;Tocantins;17;de 30 a 59 anos;3;0.8756;0.127;0.6267;1.1245;Prótese;605133
431;Tocantins;17;60 anos e mais;4;1.4986;0.1389;1.2263;1.771;Prótese;188921
432;Tocantins;17;de 0 a 14 anos;1;0.0;0.0;0.0;0.0;Prótese;350986
